Entity,Whilte_list
"Huawei Technology Co., Ltd",O
CDMA Time Division Duplex,X
UNICAMP State University of Campinas,X
"Semiconductor Components Industries , LLC",X
"Marvell Semiconductor , Inc",X
"Texas Instruments, Inc",O
HTC,O
TSR,X
Tritech,X
BroadLight,O
Finisar Corporation,O
Diodes Technologies AG,X
Linear Technology Corporation,O
Sony Corporation,O
Taiwan Semiconductor Manufacturing Company Limited,O
Copyright,X
Qualcomm Technologies Inc,O
Warrant,X
Base and Support Products,X
Orthogonal Frequency Division,X
"Tianjin Haiguang Advanced Technology Investment Co., Ltd",O
Smart Networked Devices and Solutions Business Group,X
Advance Mobile Computing,X
Computing,X
Stanford Executive Program,X
"Analog Devices , Inc",X
Semi - Custom,X
Percello Ltd,O
Information,X
IBM Credit LLC,O
Siliconware ChipPAC Pte,X
ARM Holdings plc,X
IBIS,X
Siliconware Precision Industries,O
VP,X
THATIC JV's,O
QTL,X
Digital Signal Controllers,X
Customers,X
Electrical,X
Media,X
Mainstream and Base Products,X
IoT,X
National Association of Corporate Directors Board,O
"MACOM Technology Solutions Holdings , Inc",X
ON Semiconductor ®,X
""" Triune """,X
Tegra,X
Advanced Technology Investment Company,O
B.S.E.E,X
"Nokia Electronics Co. , Ltd",X
"Qualcomm Atheros, Inc",O
"Timing Device Technology , Inc",X
"Triune Systems , LLC",X
Capital Return Program,X
Apex Precision Power,O
Virtex-II,X
"AMD  Co. , Ltd",X
SmartThings,X
Hewlett- Packard Company,O
Texas Pacific Group,O
Nintendo of America,O
MMT,X
Zynq-7000,X
"Professional Computer Technology, Ltd",O
Wolfson,O
Global Foundries Inc,O
Final-Level,X
Our Image Sensor Group,X
Pace,X
Power,X
CEM,X
Maxim Instruments Inc,X
Signal Integrity and Timing Product,X
Chief Operating Office,X
Time Division Duplex-CDMA,X
ASE Electronics,O
ISBU,X
Hewlett-Packard,O
Knowles,X
Hewlett Packard Enterprise Company,O
STATS ChipPAC Incorporated,X
QSI,O
Materials Science and Engineering,X
Finance State University of New York,X
"Business Units , Sales & Marketing",X
Maxim Power Systems,X
STMicroelectronics N.V,O
ON Aptina Imaging Business,X
Integration,X
Visual,X
Gennum SG & A,X
Microchip Technology Corporation,X
EC,X
United States Government,X
"VMware , Inc",X
Analog and Interface Products Division,O
"Marvell Manufacturing Co. , Ltd",X
SANYO Semiconductor Co. Ltd,O
Assembly and Test,X
Clearwire,X
Active,X
ASR,X
EU,X
our and Finance,X
OEM,X
Solomon,X
"Wii of America , Inc",X
"TSMC Electronics Co. , Ltd",X
"Gutmann , Inc",X
MagnaChip Semiconductor LLC,O
OHSAS,X
Aerospace & Defense,X
Senet,O
EBV,X
"Teknovus , Inc",X
Sumitomo Electric Device Innovations,O
New Devices Group,X
Lattice Semiconductor Corporation,O
Cisco Report,O
CRYSTAL,X
Stanford Law School,X
QChat,X
"LVMH Audio , LLC",X
VCA,X
"Audience Technology , Inc",X
Mitsubishi Electric,O
Things Memory Solutions Group,X
Cellular Products Group,X
Intel Security Group,X
QUALCOMM Communications Inc,X
Advanced Communications and Sensing,X
Canadian,X
SANYO Display Company,X
Qualcomm Incorporated,O
"Murata Manufacturing Co., Ltd",O
Consolidated Balance Sheets,X
our Board of Directors,X
WiMAX,X
Sonova International,O
International Financial Reporting Standards,X
"PACT XPP Technologies, AG",O
ST Microelectronics N.V,O
Deutsche of America,X
Open-Silicon,X
DAC,X
e-Silicon,X
Fairchild: Power Solutions Group,O
Brew,X
a,X
ARS,X
Columbia,X
Qualcomm Wireless & Internet,O
Jaguar,O
Toshiba,O
ATIC International,O
Maxim Instruments Incorporated,X
AMTC Building Administration GmbH & Co . KG,X
QUALCOMM,O
Foxconn Technology Group,O
Gennum Product Group,O
Optical Transceiver Module IC,X
"General Manager , Automotive , Industrial , Medical and Mil-Aero Products Group",X
Apple In Motion Limited,X
a Bachelor of Arts,X
"IQE , Inc",X
Murata Grumman Corporation,X
AFS,X
WCDMA,X
Netgear,X
Juniper Networks,O
Merrill,X
Dune,X
"Sirenza Microdevices, Inc",O
"Microsemi Technology Group , Ltd",X
Apple,O
"Apple , Inc",X
"KEC Intertechnology , Inc",X
"Merrill , Fenner & Smith Incorporated",X
"Austriamicrosystems , Inc",X
Tesla Motors,O
Waze,X
Pro Technology,O
FLC,O
Executive Compensation Committee,X
Technical Information Centers and Solution Engineering Centers,X
Hitachi Digital Corporation,X
Capital,X
Pepperdine,X
Android,X
Siliconware ChipPAC Pte.Ltd,X
Samsung,O
HGST,O
Myomo,O
"Xilinx , Inc",X
PC Graphics Report,X
Sony Ericsson,O
ATIC II,O
"Brew , Plaza",X
SOC,X
Analog Power,O
Siliconware ChipPAC Ltd,X
HIC,X
Environmental Health and Safety,X
Avnet Inc,O
Microsemi Power Systems,X
FM,X
Booz Instruments Incorporated,X
Administrative,X
Inphi Corporation,O
Subsidiary,X
Prestera,X
Access,X
Microsemi Devices Inc,X
Segment,X
AMD Opteron Processor,X
ISE Design Suite,X
FtA,X
QGOV,X
NPD Group,O
ON Technologies AG,X
Micrel,O
MSI,O
"SeaMicro , Inc",X
Intel Technology Group,X
Huawei Siemens Networks,X
THATIC,O
SCI LLC,O
Non - Portable Audio,X
Consumer & Automotive and Other,X
APU,X
Deere & Company,O
CMOS Image Sensor Business Unit,X
UMG,O
"Fujitsu Technologies Co. , Ltd",X
Computer University of California at Berkeley,X
Engineering,X
STB,X
Huawei & Gyr,X
"Nokia , Inc",X
JCAP,O
"Audience , Inc",X
"Amkor Technology, Inc",O
"Skyworks Solutions , Inc",X
Materials University of Utah,X
Protek,X
PulseCore,O
"Juniper Networks , Inc",X
System Solutions Group,O
L3,X
"Tongfu Fujitsu Microelectronics, Co., Ltd",O
Standard Microsystems Corporation,O
Deutsche Bank Securities Inc,X
Asia-Pacific,X
STATS,O
QCT Product Management,O
Rohm Rectifier Corporation,X
Global Navigation Satellite System,X
"Taiwan Semiconductor Manufacturing Company, Ltd",O
Interface,X
Consolidated Statements of Operations,X
"Amazon.com, Inc",O
Power Solutions Group,O
EICC,X
MUFG Union Bank,X
Columbia Sportswear,O
"General Manager , Computing and Consumer Products Group",X
WiFi,X
Strategy,X
Varian,X
ST-Ericsson,O
STATS ChipPAC Ltd,X
Xelerated,O
Advanced Micro Devices,O
Qualcomm Retail Solutions,O
Plaza,X
Management ’s Discussion and Analysis,X
BlackBerry,X
Significant Technologies,O
Phonak International,O
Advanced Communications and Gennum Product,X
Truesense,O
Standard & Poor ’s,X
EPON,X
EPA,X
Thailand,X
EFM32,X
"Platform of Things , Software and Services",X
"Motorola, Inc",O
AMIS,O
www.sec.gov,X
Candescent Technologies Corporation,O
Matsushita,O
Foxconn Inc,X
"New , Base and Support Products",X
Infineon Technologies AG,O
DGX-1,X
Zynq,X
Simplicity Studio ™,X
Broadband and Wireless,X
"Cypress , Inc",X
Inphi,X
HEVC,X
Qualcomm Government Technologies  Division,X
"Hon Hai Precision Industry Co., Ltd",O
Taiwan Semiconductor Manufacturing Co,O
Environmental Protection Agency,X
Beijing UniSpreadtrum Technology Ltd,X
GRACE / HHNEC,X
Tektronix,X
"Manufacturing Company, Limited",O
Financial Accounting Standards Board 's,X
Renesas,X
"vivo Communication Technology Co. , Ltd",X
VISION,X
"EnVerv, Inc",O
Core,X
"Qorvo, Inc",O
Tektronix Corporation,O
Oak Ridge National Laboratory,X
LSI Logic Corporation,O
Oppo,O
Multi-Protocol,X
Management ’s Discussion and Analysis of Financial Condition and Results of Operations,X
Taiwan,X
"MediaTek , Inc",X
Borrower,X
Corporate Controller and Tax,X
Home and Networking,X
IMFT,O
SMIC,O
TDK,O
GLONASS,X
EBT,X
Powerline Optical Networking,X
National Semiconductor Corp,O
Tianjin Haiguang Advanced Technology Investment Co . Ltd,X
HiSilicon,X
Xyratex Ltd,O
DSP Group,O
Broadcom Foundation,O
PDC,X
Syracuse,X
KSS,O
"Amalfi Semiconductor , Inc",X
Samsung Electronics Co . Ltd,X
"Northrop Technologies , Inc",X
Semtech Canada Inc,O
Advanced Semiconductor Engineering,O
National Science Foundation,X
FilterCo,X
AMD Micro Devices Export Sdn,X
Xbox360,X
Hewlett - Packard Company,X
Qualcomm Retail Solutions  Division,X
Top500,X
Knowledge-Based,X
HK Towada Electronics,O
"Marvell Semiconductor, Inc",O
Energy Micro 's,X
Fairchild,O
Flash,X
Imagination Technology Group Ltd,X
Power and High-Reliability Product Group,X
West,X
State,X
Phenom,X
MP,X
Raytheon Company,O
Lenders,X
ASC 280 Segment Reporting,X
CISC,X
"Advanced , Aerospace & Defense",X
ATIC,O
RSUs,X
Knights,X
Honeywell,O
CDMA2000,X
Qualcomm,O
PACT,X
GSA,O
"Microsoft Group , Inc",X
National Association,O
NTG Ultra-Mobility Group,X
"McAfee, Inc",O
"HBO , Inc",X
Energy Micro AS,O
A * STAR,X
Georgetown University Law Center,X
GameWorks,X
Yen,X
10-K,X
"MediaTek, Inc",O
Fairchild Effective Time,X
Spartan-3,X
"Sunext Design , Inc",X
VISION Technology,O
SuperFlash,X
"II-VI, Inc",O
Notes,X
"Texas Instruments , Inc",X
Jetson,X
Worldwide,X
"Hon Hai Precision Industry Co., Ltd/Foxconn",O
FREEBOX,X
Foundry,X
PlayStation,X
Aa3 / AA,X
"IbidenCo. , Ltd",X
Remote Radio Head DFE,X
Xemics SA,O
AMCC,X
"Automotive Semiconductor , Inc",X
"Cisco Technologies Co. , Ltd",X
Continuing,X
Mobile and Networking,X
Bank of America,X
Imagination Technologies,O
FS,X
GE,O
Equity Bank Securities Inc,X
"Rohm Co., Ltd",O
Silicon Clocks,O
"Acoustic Technologies, Inc",O
Kingpak,X
Wolfson Microelectronics plc,X
SCI Semiconductor Division,X
Custom Industrial and Timing Products,X
Silicon Instruments Incorporated,X
Qualcomm Internet Services,O
Swiss,X
NXP B.V,O
"Fuzhou Rockchip Electronics Co. , Ltd",X
"King Yuan Electronics Co. , Ltd",X
AEC,X
Aristotle,X
PCCG Center Group,X
"Brobeck , Phleger and Harrison , LLP",X
Texas Devices Inc,X
BAC,X
Cirrus,X
HERE,X
Pascal-based,X
"Beceem Communications , Inc",X
Bachelor of Science in Business Administration and Accounting,X
"Qualcomm Europe , Inc",X
"Beceem and Gigle Networks, Inc",O
"Microsoft Warner , Inc",X
California State University,X
dsPICDSC,X
MU,O
Qualcomm Front End,O
Penang  Sdn,X
ATI CrossFire Pro ™,X
WPS,X
CPE,X
"QUALCOMM Technologies , Inc",X
Bradley,X
SEMTECH,O
CH2M,X
Pierce of America,X
BYD Auto Co . Ltd,X
Standard & Poor,O
Benchmark Electronic,O
Graphics,X
Mitsubishi Instruments Incorporated,X
Oracle Corporation,O
Financial and Enterprise Services,X
Tower Semiconductor Ltd,O
"Serial Computer Technology , Ltd",X
Imagination Technology Group,O
"Motorola , Inc",X
GPG,X
Dresdner Bank AG,X
"Cisco Systems , Inc",X
Texas,X
GSMA Intelligence,O
HPC,X
"Supertex , Inc",X
Consolidated Balance Sheet,X
Renesas Electronics Corporation,O
Things Businesses and System Architecture Group,X
DNN,O
Tessera Technologies,O
Infonetics,X
Compensation,X
HPC  & Cloud,X
"AMD Micro Devices , Inc",X
Spansion,X
Passive,X
CoolRunnerTM,X
District,X
Xeon Phi ™,X
Teknovus,O
"Advanced Semiconductor Engineering , Inc",X
"Micrel , Incorporated",X
Silicon Devices Inc,X
Magna,X
Data High Performance Analog Division,X
Timing,X
WLS,X
"Yulong Computer Telecommunication Scientific Co., Ltd",O
General and Administrative,X
1st,X
"GoerTek Instruments , Inc",X
HiSilicon Technologies,O
Sony Playstation,O
ZMD AG,O
ITU,X
ZTE Corporation,O
Infrastructure,X
nVidia Wireless,X
Tianjin Haiguang Advanced Technology Investment Co. Ltd,O
Mobileye,X
"BroadLight , Inc",X
NEC Epson Corporation,X
AMD FirePro ™,X
STMicroelectronics Instruments Incorporated,X
SANYO Semiconductor,O
Harvard Business School,X
Wireless and Sensing Group,X
Arizona State University,X
GreenPeak,O
Broadcom Communications Holdings Inc,X
Monolithic Power Systems Inc,O
Carrier,X
Skyworks Solutions Inc,O
Fair Value Measurements,X
Moore,X
SG & A,X
SolidWorks,O
Broadcom Semiconductor Inc,X
Exit of Cellular Baseband Business,X
Nokia Solutions,O
"Intersil Integrated Products , Inc",X
MaxLinear,O
Analog Products Group,O
SEC,X
ODM,X
Hewlett-Packard Corporation,O
2901,X
Deep Neutral Networks,X
Signal Integrity and Timing,X
ATI Technologies ULC,O
Narrow-Scope Improvements and Practical Expedients,X
"Silicon Wave, Inc",O
"vivo Communication Technology Co., Ltd",O
MPU,X
Cooley,O
QCT Business Planning and Finance,O
ISecG,X
SANYO Semiconductor Division,O
Malaysian Target Company,O
Skyworks Electric Device Innovations,X
Modoff,X
"Flextronics, Celestica, Benchmark Electronic",O
General Instrument,O
Court,X
Amalfi Semiconductor,O
Aptina Imaging Business,O
Project,X
WCC,X
"Sirenza Microdevices , Inc",X
"Littelfuse , Inc",X
Working Capital and Cash and Marketable Securities,X
"Gartner , Inc",X
Renasas Co . Ltd,X
Austriamicrosystems Semiconductor PLC,X
ON ’s Semiconductor Components Group,X
Cloudera,O
"AMD Haiguang Advanced Technology Investment Co. , Ltd",X
"Anadigics Devices , Inc",X
Turnkey,X
Niigata,X
Global Semiconductor Market Association,O
a Systems Innovation Group,X
CBRS,X
"Falcon Operations Sub, Inc",O
Link,X
Sunext Design,O
High Reliability and Systems Innovation,X
Microscale Power Conversion,X
Mobile and Communications Group,X
Note2,X
"our Audit and Finance , Compensation , Nominating and Corporate Governance and Innovation and Technology",X
Agent,X
Bosch Automotive Systems,X
Gallium,X
Data and Smart Devices,X
Powerline,X
"Icera, Inc",O
Integration Associates,O
Peregrine,X
TDK-EPCOS,X
Altera Semiconductor Corporation,X
District Court for the Eastern District of Virginia,X
"Samsung America Electronic Components , Inc",X
Multicore Communication Processor,X
"Spectra Linear , Inc",X
Cayman,X
Leshan Radio Company Ltd,O
PSU,X
3D,X
Ericsson Mobile Platforms,O
"Cisco Systems, Inc",O
Hittite Microwave Corporation,O
National Semiconductor Corporation,O
Legacy,X
"II-VI , Inc",X
RF Micro Devices,O
QWI,X
"Communications , Aerospace & Defense",X
QMT,X
ISG,O
Machine Type Communications,X
Intel Quark SoC,X
System,X
Power Management and High-Reliability,X
Our Power Solutions Group,X
Investor,X
TF  Sdn,X
ISSC,O
QES,X
Non-Volatile,X
HDD,X
SDAccel,X
JSI Logistics Ltd,O
Ltd,X
Murata Manufacturing,O
Leipziger,X
Graphics and Visual Solutions,X
"Active-Semi International, Inc",O
Llano-based,X
"Huawei , Inc",X
"Alpha Industries , Inc",X
AMI Semiconductor,O
Director of Taxes and Tax Counsel,X
CAD,X
Linear Technology,O
FPGAs,X
Avastar,X
Littlefuse,O
QTI,X
Cochlear,X
Google Inc,O
Term Loan Facility,X
Electrical and Computer Engineering,X
Public Reference Room,X
eSports,X
Omnivision Technologies,O
Electrical University of Washington,X
"Ubiquiti Networks , Inc",X
Sanmina Towada Electronics,X
Restructuring,X
Gennum and Sensing Products,X
Darnell Group,O
Conexant Integrated Products Inc,X
Power Instruments Incorporated,X
Fab 2 's,X
Goodwill,X
Narrow-Scope Improvements,O
IEEE,X
Moore ’s Law,X
NXP River Holdings,X
Intersil,O
Qualcomm Internet Services Division,O
"Cavium , Inc",X
Tsinghua Holdings Co. Ltd,O
"Sony Computer Entertainment , Inc",X
HomeKit,X
Yahoo,O
CoolRunner-II,X
"Alpha Industries, Inc",O
Northrop Grumman Corporation,O
TFME,O
Qualcomm Market Development,X
"General , Inc",X
Nintendo Switch,O
Radeon Open Compute Platform,X
High,X
Kansas,X
PtP,X
Wireless and Networking,X
Nest,X
"Intel-GE Care Innovations , LLC",X
Broadcom,O
Political McKenna College,X
Google TV,O
Hittite,X
"Tongfu Fujitsu Microelectronics Co., Ltd",O
Seiko Epson Corporation,O
VMware Horizon View,X
Microsemi Power Systems Inc,X
VIA,X
Amazon.com Inc,O
ESEs,X
United Technologies Corp,O
Qualcomm CDMA Technologies,O
Motorola Semiconductors Europe,O
Continental,X
RDEC,X
"New , Aerospace & Defense and Communications",X
Malaysian,X
"Huawei Technologies Co. , Ltd",X
U.S.GAAP,X
UK  Limited,X
MCG,X
CUDA,X
"Catalyst , Inc",X
Non-Portable,X
Spectra Linear,O
Semtech,X
Corporate Analysis & Strategy of SCI LLC,X
Samsung Hai Precision Industry Co,X
ON Solutions Group,X
GuangDong OPPO Mobile Telecommunications Corp. Ltd,O
Hyundai Electronics,O
European Silicon Structures,O
Discovery,X
Applied Micro Circuits Corporation,O
SSG,X
Intel Foundation,O
Apex,X
Littlefuse Semiconductor Corporation,X
Quadro,O
"Manufacturing , Operations and Sales",X
ASUSTeK Computer Inc,O
Communications Holdings Inc,O
Engineering Electronics Institute,X
HPC & Cloud,X
SONET,O
Tianjin,X
New,X
Mubadala Technology Investment Company LLC,X
Amkor Technology Inc,O
Worchester Polytechnic Institute,X
Stanford,X
NXP,O
Manufacturing,X
Novellus Systems Inc,O
IPRD,X
"PMC-Sierra, Inc",O
"Khronos Group , Inc",X
Integrated Device Technologies,O
Panasonic & Industrial Systems Company,X
SAM,X
European Innovation Development,X
Microsemi,X
Solaris,X
Microchip,O
"Bachelor University of California , Berkeley",X
QCT Segment,O
SDSoC,X
Dialog Semiconductors N.V,X
System Solution Group,O
Spartan,X
Gate,X
Global System,O
Azure,X
LCM,X
Advanced Coast Hitech L.P,X
AMD ZeroCore Power,X
Electronic,X
GreenPeak Technologies,O
Barclays,X
Applied,X
Silicon Laboratories Inc,O
RF360 Holdings,O
NXP Semiconductors N.V,O
A-Series,X
"AMIS Holdings, Inc",O
Imagination,X
NSG,O
"Microchip Technology , Inc",X
Black-Scholes,X
"Brocade Communication Systems , Inc",X
King Precision Industries Company Ltd,X
Long Term Evolution,X
"Filtronic Compound Semiconductors, Limited",O
ADI,O
Intel Xeon Phi,X
DJI,O
NetWare,X
MediaTek Unigroup,X
Congress,X
Facebook,O
Halliburton,O
Provigent,O
Treasury of SCI LLC,X
Tsinghua Holdings Co . Ltd,X
"Power Integrations, Inc",O
Broadcom Corporation,O
JV  Co . Ltd,X
HD,X
Rohm Semiconductor,O
DO,X
"Atheros Communications , Inc",X
TOP500,X
Garmin,O
Snapdragon,X
SCI,X
AXSEM,O
Broadband and Wireless and Infrastructure and Networking,X
R&E International,O
TD-SCDMA,X
Chartered Semiconductor Manufacturing Ltd,O
"Sound Design Technologies, Ltd",O
8-K,X
Texas Semiconductor Corporation,X
Qorvo,O
Home Networking Powerline,X
Wireless,X
1X Advanced and DO Advanced,X
MoCA Networking SoCs,X
Small,X
QCT,O
Candescent,O
Care,X
Mechanical University of Notre Dame,X
Finance,X
Ltd Inc,X
"Sybase, Inc",O
General Instrument/General Semiconductor,O
NXP Semiconductor Corporation,X
M.S.E.E,X
STMicroelectronics Semiconductors N.V,X
CdmaOne,X
Punjab,X
Kintex,X
ISSC Technologies Corporation,O
Crutcher,X
ESS Semiconductors N.V,X
Haswell,X
ASML Holding N.V,O
Comcast Cable Communications Management LLC,O
Research,X
Sharp,X
Morgan,X
LTE Advanced Pro,X
Protection Product Group,X
Baidu,O
"B.S. , M.S",X
PCT,X
TD-CDMA,X
WEDGE,X
Yukon,X
"Analog Systems , Inc",X
ASIC,X
"Freescale Technologies Co. , Ltd",X
Chamberlain,X
STATSChipPAC,X
STAR,X
Bachelor of Science,X
Renesas Instruments Incorporated,X
WSTS,X
"NetLogic Microsystems, Inc",O
SeaMicro,O
Motorola ’s Semiconductor Products Sector,X
Qualcomm Technology Licensing,O
"Acoustic Technologies, Inc",O
"Beceem Communications, Inc",O
Marketing and Sales,X
RADAR,X
Hy-Fi,X
"Nantong Fujitsu Microelectronics, Co., Ltd",O
Qualcomm Instruments Incorporated,X
"Ambarella, Inc",O
BeiDou,O
TL,O
HI-TECH,X
Fairchild Technologies AG,X
Conexant Systems,O
Monolithic and Sensing,X
vivo,X
Xyratex,X
Lantiq Technology Group,X
Signal Management and High-Reliability and Wireless and Sensing,X
Embedded,X
AAC Semiconductor Inc,X
Nippon,X
Leadis Technology Inc,O
Amkor Technology,O
"Licensing,which",X
Professional,X
"NetLogic Microsystems , Inc",X
Taiwan Semiconductor Manufacturing Company Limited's,O
Client Center Group,X
"SMART Technologies , Inc",X
Tritech Microelectronics,O
OS Electronics,O
Telegesis,O
Coreware,O
Geode,X
DriveWorks,O
National Cancer Institute,O
"National Fargo Securities , LLC",X
Icera's,O
100 F . Street,X
Advanced Metering Infrastructure,X
Diodes Semiconductors N.V,X
ICERA,O
Benchmark,X
Virtex,X
Cellular,X
RF,X
Avago Micro Devices,X
PulseCore Holdings,O
"Avnera Technology , Inc",X
LTE-U,X
BiFET,X
Numonyx B.V,O
ATI CrossFire Pro,X
APEX,X
Knowles Corporation,O
Parallel,X
Maskhouse Building Administration GmbH & Co. KG,O
ASUs,X
Co-GM,X
Note14,X
Client and Technology Solutions,X
SANYO University of Tokyo,X
Protection Products Group,X
Lenovo Group Limited,O
"ESS Technology, Inc",O
ISO / TS-16949,X
Discrete Mobile Graphics,X
Consumers Gartner Camera Report,X
International Business Machines Corporation,O
Audit Governance committees of our Board of Directors,X
ROCm,X
"Coherent , Inc",X
GCN,X
IGP,X
Cloud Computing Platforms.Mobile,X
Energy Micro,O
Qualcomm Strategic Initiatives,O
LG,O
Continental Automotive Systems,X
Wolfson Microelectronics,O
"Micron Technology , Inc",X
"NXP Intertechnology , Inc",X
Advanced Driver Assistance Systems,X
Revolving Credit Facility,X
Texas Technology Corporation,X
OS,X
Automotive & Industrial Systems Company,O
ESPP,X
Alphabet Technologies Co . Ltd,X
Qualcomm Strategic Initiatives,O
Freescale Semiconductor Inc,O
NVIDIA CUDA,O
Signal Instruments Incorporated,X
Business University of Redlands,X
Company Loan Parties,X
TDK-EPCOS Corporation,O
Ericsson Integrated Products,X
Netbook,X
Credit,X
NVIDIA GRID,O
Faculty,X
DGX,X
Technicolor Medical Systems,X
"UMC Electronics Co. , Ltd",X
Smart Networked Devices and Solutions,X
"ARM Technologies Co. , Ltd",X
Fusion,X
"MediaTek, Microchip Technology Inc",O
Motorola Mobility,O
Realtek Semiconductor,O
This Business Outlook,X
SWKS,O
Premier,X
ICAP Business,O
Honda,O
Intel Technology Corp,X
EVS,O
McAfee Endpoint Security,O
Integrated Device Technology,O
Rambus Inc,O
Inphi Micro Circuits Corporation,X
RF360,X
"SeaMicro, Inc",O
Ernst & Young LLP,O
1xEV-DO Revision C,X
Software and Services,X
SMI,O
GaN,X
Bogazici,X
SC Square Ltd,O
Intersil Semiconductor Corporation,X
Error,X
ATI,X
Hon / Foxconn,X
Spartan-6,X
Sequans,X
"NuVasive, Inc",O
Maxtor,O
Oregon State University,X
QFE,X
UltraScale,X
7-Series,X
Annual Visual Networking,X
"VMware, Inc",O
"Qualcomm , Inc",X
Mechanical University of California at Davis,X
Smart Energy Platform,X
Notebook,X
"DexCom , Inc",X
Southern Methodist University,X
Electronic Data Interface,X
ZigBee,X
Murata,X
Philips Electronics,O
LiquidVR,X
Lantiq,X
Hamilton,X
our Credit Facility,X
WCH,X
Intel Corporation,O
Global Distribution and Electronic Manufacturing Services Industry,X
"our Audit and Finance , Compensation , Nominating and Corporate Governance and Innovation and Technology committees of our Board of Directors",X
Delta,O
Mitsubishi Electronics Corporation,X
Northrop Grumman,O
Toshiba Corporation,O
Investor Securities and Exchange Commission,X
Alphabet Inc,O
Communication & Data Center,X
Amazon Web Services,O
Plan,X
LTE,X
World Semiconductor Trade Statistics,X
Maxim Technology Inc,X
National Development and Reform Commission,O
Analog Products Groups,X
DragonFly,O
HAUHONG,X
"Wind River Systems , Inc",X
Tier,X
TouchXpress,X
EZRadio,X
3GPP Release 13,X
"Bytemobile , Inc",X
Google,O
Porsche,O
Mubadala,X
GSMA,X
Commission,X
"Qualcomm Europe, Inc",O
Celestica,X
Time,X
Our Board of Directors,X
EnVerv PLC,O
Elmos,X
Client Data Center Group,X
Microsoft,O
Things and Communications Group,X
Business University of California,X
UMTS,X
Cayman Inc,O
Intersil Inc,O
Research and Development,X
Peregrine Semiconductor,O
Numonyx,O
UTAC,O
Sierra,X
Virginia,X
"Administrative Fargo Securities , LLC",X
Toshiba Semiconductor Manufacturing Company Limited,X
Alicloud,X
Silicon Motion Technology Corporation,O
CDMA,X
Worldwide Sales & Marketing,X
Networking & Connectivity,X
Applications Products Group,X
Schneider,O
Penang,X
SANYO Electric,O
Mountain,X
Barclays Lead Arrangers,X
Morgan Stanley,O
Edom,X
"Littelfuse, Inc",O
ESE,X
TDMA,X
Business / MIS,X
Mubadala Development Company PJSC,O
SMS Audio,O
Foxconn,X
DirectX,X
Spectra,X
Future,X
SANYO Semiconductor Group,O
Licensed Assisted Access,X
Novellus,O
Agere,X
Quanta,X
Arrow Electronics,O
Yosun,X
Facilities,X
Wells,X
Power and High-Reliability,X
West Virginia University,X
TPG,O
"Diodes Co. , Ltd",X
Display Company,O
IHS Markit Ltd,O
University of Arizona,X
SANYO Semiconductor Transaction,O
"Intel , Inc",X
PM,X
VSOE,O
LTE-Advanced,X
Optical Transceiver Module IC 's,X
PureEdge,O
New & Defense and Communications,X
Atlantic,X
DCG,O
Advanced Interconnect Technologies,O
Vulkan,X
WT Microelectronics,O
"Advanced Micro Devices , Inc",X
Maxwell,O
Maxim,O
Advanced Technology Investment Company LLC,O
"Industrial , Aerospace & Defense and Broadcast , Consumer & Automotive",X
Icera modem,O
Ms . Strelar-Migotti,X
NVIDIA Ansel,O
Atmel,O
Freescale Semiconductor,O
Joint,X
SBX,X
Texas Instruments,O
Armada,X
California Micro Devices Corporation,O
Maxim Integrated,O
Ethernet Copper Transceivers,X
Triquint,X
GAAP,X
"Analog Technology , Inc",X
DBSI,X
Macbook,X
Lattice,X
Virtex-7,X
R & E International,X
MetroHealth,X
a Human Resources Generalist,X
MulteFire,X
Service Provider Platforms,X
Nordic,X
"Huawei Technologies Co., Ltd",O
P-1,X
One AMD Place,X
China AMD Microelectronics,X
Direct,X
3rd Generation Partnership Project,X
Ericsson,O
Green Power Partnership,X
Platform,X
Fiber,X
Vishay Intertechnology,O
Microsoft Cognitive Toolkit,O
Bank,X
Questflo,X
Dell Packard Company,X
STMicroelectronics Instruments Inc,X
Clearwire Communications,O
Huawei Technologies,O
MediaTek Inc,O
Avnet,O
Silicon and Manufacturing Technology Leadership,X
Opnext,X
SMI Inc,O
Company Logic Division,X
Alcatel-Lucent,O
Optoelectronics,X
Imagination Technologies Ltd,O
Intelligent Systems Group,O
Fairchild Semiconductor,O
AI,X
KBP,X
ISO,X
Business,X
European,X
FBC,O
PRP,X
Intel Non-Volatile Memory Solutions Group,X
Varian Medical Systems,O
ISE ® Design Suite,X
Legal,X
SDT,X
Advanced communications and Sensing,X
Apple ’s App Store,X
Rohm Co. Ltd,O
Time Division Multiple Access,X
NXP Co . Ltd,X
Systems,X
Multi - Market Products Group,X
Other Significant Technologies,X
Amalfi,X
Melexis,X
Embedded Communication Processors,X
"Micrel, Incorporated Micrel",O
KEC Corporation,O
a Strategic Realignment Plan,X
General,X
Georgetown,X
Czech,X
Asus,X
Siliconware Precision Industries Ltd,O
Santa Clara University,X
MediaTek Electronics Corporation,X
"McAfee , Inc",X
WCIS,X
Technisat,O
International Rectifier Corporation,O
Symantec Corporation,O
Atheros Communications,O
ST,X
SiGe,O
Wireless Instruments Inc,X
Hampshire,X
ARM Holdings,O
40Gbps,X
Media Tek,O
Silicon Laboratories,O
GlobalFoundries Inc,O
Siemens,O
UPS,O
Handheld,X
"TF AMD Semiconductor Co., Ltd",O
a Bachelor of Science in Electrical and Computer Engineering,X
"Board Audit and Finance , Compensation and Leadership Resources",X
Xemics Monolithics Inc,X
Foundation,X
Dell,O
"Autodesk, Inc",O
"Toshiba America Electronic Components, Inc",O
Company,X
Staff Accounting Bulletins No,X
High Performance Analog Division,X
Nasdaq Stock Market,O
Advanced Communication Product,X
Trustee,X
Deutsche Bank AG,X
FLO,X
"Samsung Electronics, Co., Ltd",O
PRQ,O
RCA,X
"Maxim Integrated Products, Inc",O
Guarantor,X
"Fuzhou Rockchip Electronics Co., Ltd",O
AMD Embedded Radeon,X
Airoha Technology Corp,O
IMOD,X
LWA,X
Broadcom Integrated Products,X
GeForce,X
Inception,X
Motion,X
Electrical Engineering and Telecommunications and Informatics,X
Ember,O
Volvo,O
King Yuan Electronics Company,O
Quantum Corporation,O
"Samsung Technology Co. , Ltd",X
Realtek,X
TDK Fujitsu Philippines Corporation,O
Dell Inc,O
"Greenliant Systems, Ltd",O
"Opnext, Inc",O
QLogic Corporation,O
IbidenCo,X
CPB,O
Silicon Storage Technology,X
Chinese,X
Aero,X
Sumitomo,X
Quantenna Communications Inc,O
Alcatel,O
ParkerVision,O
RDA,X
SoC,X
"Marketing at Integrated Device Technology, Inc",O
ENERGYSTAR,X
Finisar,X
OpenCL,X
"Tongfu Fujitsu Microelectronics , Co. , Ltd",X
Intel Electronics Corporation,X
EnterTrac,X
ZENRIN,O
DesignWorks,O
RFMD,X
"Industrial , Medical and Mil-Aero Product Group",X
Amkor Precision Industries,X
Business Products Group,X
Industrial and Aerospace & Defense,X
Amazon,O
"Integrated Device Technology, Inc",O
IMC,O
S7000,X
Deutsche Bank,X
Tactical,X
Applied Materials,O
Fab,X
Micrel Inc,O
Things,X
DSP,O
Semi-Custom,X
Intel Technology Group Ltd,X
ASML,O
Oclaro,X
Strategic,X
Amazon.com,X
St. John ’s University School of Law,X
ZF,O
Marvell Technology Group,O
Trusted,X
RF-CMOS,X
Philippines,X
"Microsemi, Nordic Semiconductor",O
"Tongfu Fujitsu Microelectronics Co. , Ltd",X
CMU,X
Skyworks-owned,X
Hewlett-Packard Packard Enterprise Company,X
CIRRUS,O
Ms,X
STMicroelectronics,O
Cypress Semiconductor Corp,O
"Cavium, Inc",O
Qualcomm Agreement,O
"Avnet, Inc",O
AMD Fab 36 Limited Liability Company & Co . KG,X
WOLFSON,O
Franklin & Marshall College,X
SanDisk,X
"Icera , Inc",X
Sonos,O
Ethernet,X
Millennium Microtech Thailand,O
United Microelectronics Corporation,O
LoRa Wireless Radio Frequency Technology,X
RSU,X
ON & Industrial Group,X
Intellisync,X
Bharti Airtel Limited,O
Bose,O
SANYO Semiconductor Co . Ltd,X
Enterprise,X
Bluetooth,X
ASC,X
IPM,O
PCIe,X
Booz,X
Motorola Inc,O
Regulatory,X
Radeon,X
Avanta,X
Limited,X
Power and High-Reliability Products Group,X
Data,X
IBM,O
"Autodesk , Inc",X
Bharti,X
Time Division-Synchronous CDMA,X
Analog Devices,O
Intel ® Edison,X
Signal Integrity and Timing Products,X
Qualcomm Technology Licensing,O
"Cisco Systems , Inc. '",X
Semiconductor,X
Investor Via Fortuna,X
Power Management IC,X
ATIC International Investment Company LLC,O
"Numonyx Technology , Inc",X
"A-COM Technology Solutions Holdings, Inc",O
Autodesk,O
IDP,O
Computing and Graphics,X
Panasonic Corporation,O
LAA,X
FPGA,X
Arris,O
DoD,X
Rockwell,X
JV,X
ISO9001,X
International Business Machines,O
EnVerv,O
Huawei,O
Loan,X
Analog Integrated Products,X
THATIC JV,O
SEC Board of Directors,X
Bang Pa In,X
Vishay,X
Advanced Communications Product,X
Maximus,X
Xeon,X
CA,X
CANDLE,X
"Reserve International Liquidity Fund, Ltd",O
General Instrument / General Semiconductor,X
Department,X
"Qualcomm Atheros , Inc",X
Kintex-7,X
McAfee LiveSafe,O
LUPA,X
Seagate Technology,O
Uber,O
Florida State University,X
Silicon Labs,O
Semtech International AG,O
Carrizo,X
FreeSync-FX,X
DSP Semiconductor Corporation,X
Americas',X
DSP Integrated Products Inc,X
Facility,X
Advanced & Data Center,X
Apple Holdings plc,X
McAfee,O
Phonak,X
Infineon Instruments Inc,X
Velocity Micro,O
BRCM,X
e-Silicon Corporation,O
MultiPhy,X
Delphi,X
QMC Product Management,X
Silicon,X
Realtek Semiconductor Corporation,O
Catalyst Semiconductor,O
MediaTek,O
Kepler,X
GRID,X
LFoundry,X
Broadcom Semiconductor Corporation,X
Sony Home Platform Division,X
"Cirrus Logic, Inc",O
Co-Book,X
"MultiPhy International , Inc",X
"RF Micro Devices , Inc",X
Qualcomm Heterogeneous System Architecture,X
MOBA,X
Nokia,O
FireStream,X
PON,X
Barclays Lead Arrangers and Co - Book Managers,X
Euro,X
"Qualcomm Technologies, Inc",O
Quantum,O
"Meizu Technology Co. , Ltd",X
NDRC,X
Spartan-3A,X
UMC,O
NXP Technologies AG,X
Sun Microsystems,O
HSBC Bank USA,X
BWA,X
ON Semiconductor,O
Cisco Packard Company,X
"Gartner, Inc",O
Volkswagen Golf,O
OPPO,O
ARM Instruments Incorporated,X
Atmel Semiconductor Corp,X
LSI Corporation,O
"North America Sales , Computing Segment Sales and Sales Operations",X
Monte,X
Mobileye Electronics Corporation,X
a Master of International Management,X
Qualcomm Europe,O
Samsung Electric,O
Wells Fargo Bank,X
RDA Microelectronics,O
DSP Energy Platforms,X
Wells Fargo Securities,O
Lenovo,O
Flash-IP,X
Dune Networks,O
Texas Instruments Incorporated,O
nVidia,O
International  AG,X
"ATIC II , Chartered",X
Omnitracs,O
Qualcomm Semiconductors N.V,X
Shares,X
Global,X
LG Electronics Co . Ltd,X
"Catalyst Semiconductor , Inc",X
Vivado Design Suite,X
"GLOBALFOUNDRIES , Inc",X
Northeastern,X
ATIC International Investment Company,O
Bang,X
VITA,X
Board of Directors',X
Toppan Photomasks Germany GmbH,X
Fenner & Smith Incorporated,O
"Live Nation Entertainment , Inc",X
LSI,O
Cree Inc,O
Syndication,X
FirePro,X
SCI Solutions Group,X
HK,X
"Industrial , Aerospace & Defense",X
Infineon,O
Intel Developer Forum,X
Networks Electronics Co . Ltd,X
OEMs,X
Microsoft Surface RT,X
Microsoft Corporation and HP Inc,O
ZMD,X
NEC,X
Atlantic Richfield Company,O
Electrical University of Wisconsin,X
Advanced Micro Devices Export Sdn,O
Mainstream,X
Broadcom Technologies Ltd,X
Flex,X
Duke,X
"Analog Devices, Inc",O
ON Semiconductor Corporation,O
Fiberchannel,X
AMD Accelerated Processing Unit,X
Computing and Consumer Products Group,X
Oak Ridge National Labs,X
ASU,X
CTO,X
"Microchip Technology, Inc",O
IDT,O
"Falcon Operations Sub , Inc",X
Linear,X
Cooley LLP,O
MoChiTM,X
SANYO,X
Scotiabank,X
Other,X
Vivado ® Design Suite,X
Hamilton Sundstrand,O
SOI,O
Global Market Development,O
Khronos Group,O
Motorola,O
"JSI Yuan Electronics Co. , Ltd",X
NVIDIA NVLink,O
"Geosciences , Biosciences",X
Hitachi,O
Broadcom Ltd,O
Sanken,X
PACT XPP Technologies,X
Blu-Ray,X
"Samsung Hai Precision Industry Co. , Ltd",X
Vectron,X
IBM Party,O
TDK Holdings Singapore Pte,X
Qualcomm Retail Solutions,O
Palm,X
MagnaChip Semiconductor Corporation,O
"Advanced , Aerospace & Defense and Communications & Data Center",X
Federal,X
NVIDIA Tesla,O
"Harry & David Holdings, Inc",O
NVIDIA Pascal,O
NFC,X
Landis & Gyr,O
IQE,X
"Integrated Device Technology , Inc",X
DOI,X
"Sony Technologies Co. , Ltd",X
"AMI Semiconductor , Inc",X
ODMs,X
Comcast,O
"New , Aerospace & Defense and Communications & Data Center",X
Image Sensor Group,X
Sony Semiconductor,O
"Broadcom , Inc",X
ARM Mali 400 Graphics Processing Unit,X
"Administrative "" Credit Facility",X
NVLink,X
General Semiconductor,O
Columbia Sportswear Company Board of Directors,X
Signal,X
Fairchild Transaction,O
NetLogic,O
Stars,X
Bentley,O
DirectTouch,X
SAP,O
Financial and Enterprise Services Officer,X
Maxim Integrated Products,O
Avago Technologies Ltd,O
Mobileye N.V,O
SMBC,X
Northwestern in Electrical Engineering,X
Blu-ray,X
Server . Kress,X
SHIELD,X
AMI,X
Equity,X
Microsemi Instruments Incorporated,X
Itron Electronics Co . Ltd,X
Aptina,O
Polytechnic,X
Firethorn,X
SMSC,O
Standard,X
Strategy and Mergers & Acquisitions,X
Maxim Analogic Technologies Inc,X
Communications & Data Center,X
Advanced Communications Products,X
Clock,X
Sharp Electronics Co . Ltd,X
"Live Nation Entertainment, Inc",O
Yulong,X
ClariPhy,X
Power Instruments Inc,X
"Hon Hai Precision Industry Co. , Ltd",X
"Harry & David Holdings , Inc",X
Audi,O
Research in Motion Limited,O
Smart Mixed-Signal Connectivity ™,X
High Performance Computing & Cloud,X
Qualcomm Retail Solutions Division,O
Deutsche,X
SST,O
EDGE,X
PLD,X
Leshan,X
Linley Group,O
HSA,X
"Our Business , Industry and Partners",X
Touchstone,X
ST-NXP Wireless,O
PulseCore  Inc,X
Simplicity,X
Gennum Product,O
Northern Arizona University,X
Service,X
"Texas Integrations , Inc",X
Automotive & Industrial Group,X
MSM,X
Mobile,X
BYD Auto Co. Ltd,O
"Electrical University of California , Berkeley",X
Maxim Integrated Products Inc,O
SoundClear,X
Ware & Friedenrich,O
AKM Devices Inc,X
Integrated,X
"Intel Networks , Inc",X
HiSilicon Technologies Ltd,X
ITC,X
Financial Accounting Standards Board,X
Dell Group Limited,X
Sybase,X
Icera,O
Microsoft and Tools,X
TC,X
SEC Standards of Business Conduct,X
Seagate,O
Design and Visualization,X
Marvell Charitable Fund,O
Securities and Exchange Commission,X
Sagem,O
"Micrium , LLC",X
"Oracle Electronics Co. , Ltd",X
Nvidia,O
Nexus,O
Innovation,X
Electrical University of Michigan,X
TriQuint Semiconductor,O
TSPS Corporation,O
"Protection , Power",X
Global Sales Operations,X
"Manufacturing Company , Limited",X
"Yahoo , Inc",X
"STMicroelectronics Semiconductor International , Inc",X
MCP,X
Digital,X
SiGe Semiconductor,O
Advanced Wireless and Sensing,X
"IM Flash Technologies , LLC",X
"Sierra Monolithics, Inc",O
DC / DC Converters,X
HBLED,X
Pound Rican Colon,X
Strategic Realignment Plan,X
Technology and Manufacturing Group,X
Borrowers,X
For Inspiration and Recognition of Science and Technology,X
Hewlett-Packard Allen Hamilton Inc,X
GPS,X
Communications,X
TF AMD Microelectronics,O
Supercomputer for Aerospace,X
Qualcomm Government Technologies Division,O
"AMCC, ClariPhy Communications, Inc",O
SANYO CMOS Image Sensor Business Unit,X
DOD,X
IBM Corporation,O
Sequans Communications S.A,O
Electronics and Communication,X
10nm,X
"TSPS Semiconductor International , Inc",X
Dialog Semiconductor PLC,O
Landis,X
"TF-AMD Semiconductor Co., Ltd",O
Hampshire Company,O
Energy,X
BroadLight Inc,O
Brobeck,O
PSB,X
L-Band,X
Qualcomm River Holdings,O
LTE Citizens Broadband Radio Service,X
1xEV-DO,X
Spartan-IIE,X
Airbus,O
"Fairchild Integrated Products , Inc",X
"Design , Device / Yield Engineering and Quality Systems",X
Qualcomm Electronics Co . Ltd,X
Samsung Electronics Co,O
Client,X
Imagination Technologies Group,O
TDK Corporation,O
"Bytemobile, Inc",O
all-Marvell,X
Financial Reporting Manager,X
Santa,X
QIS,X
Xiaomi,O
PIC,X
Pascal-powered,X
JV Partner,X
KPMG,O
Multi-Comm,X
Metering and Machine to Machine,X
20SoC,X
"Qualcomm, Inc",O
Cirrus Credit Facility,X
PMC,X
Worcester Polytechnic Institute,X
Share Repurchase Program,X
Omnivision,O
Hitachi Ltd,O
Apple Inc,O
Linear Integrated Products Inc,X
"Filtronic Compound Semiconductors , Limited",X
"Texas Integrated Products , Inc",X
Mobile and Wireless,X
Skyworks Solutions Inc. / Conexant Systems Inc,X
Analog Power and Interface Division,X
GPU,X
Freescale Technologies Ltd,X
Analog,O
Renesas Technology Corp,O
National Agent and Issuing Lender,X
Lawrence Livermore National Laboratories,X
Monolithic,X
Infiniband,X
Signal Integrity Products,X
"Flarion Technologies, Inc",O
Broadcast,X
Linux,X
Anadigics Inc,O
3GPP2,X
Imagination Technologies Group plc,X
"Freescale Semiconductor , Inc",X
Pandora,X
Bluegiga,X
"VIA Technologies , Inc",X
Broadband,X
Bachelor University of Thessaloniki,X
FAE,X
"Cloudera, Inc",O
Universal Mobile Telecommunications Systems,X
Panasonic,O
Tegra Processor Business,X
Spectra Linear 's,X
Corporate Responsibility Report,X
Jr,X
AMD App Acceleration,X
"A123 Systems , Inc",X
Qualcomm CDMA Technologies,O
Image,X
Virtex-6,X
Gennum,O
Systems Innovation Group,X
Consumer & Automotive,X
Phoenix,X
a Microelectronics Trusted Source,X
Affiliates,X
Altera Corporation,O
post-Fairchild,X
MoCA,X
McKesson,X
Smart,X
SoFIA,X
Analog Solutions Group,O
Radio Access Networks,X
International Rectifier Corporation and Texas Instruments Incorporated,O
ASP,X
"InvenSense, Inc",O
QLogic,O
ARM Limited,O
"Broadcast , Consumer & Automotive",X
Acer,O
Cycleo,O
RWQCB,X
Cortex R5 Real Time Processing Unit,X
ABI,X
Marvell Technology,O
TegraZone,X
Near Junction Thermal Transport,X
"Taiwan Semiconductor Manufacturing Company , Ltd",X
Juniper,O
Ms . Kress,X
Nokia Siemens Networks,O
"Xilinx, Inc",O
AAC Technologies,O
Micrium,X
AKM Semiconductor Inc,O
CMD,X
Nvidia Corporation,O
iWRAP,X
HP Inc,O
Innovision Research & Technology PLC,O
Data Center Group,X
Cabot Microelectronics Corporation,O
Delta Electronics,O
"Samsung Electronics , Co. , Ltd",X
Datacenter,X
San,X
Treasury,X
Thread,X
"Tongfu Microelectronics Co., Ltd",O
"NuVasive , Inc",X
Microchip Communications S.A,X
Intel Integrated Products,X
Sempron,X
a Bachelor of Science in Management Engineering,X
Broadband and Wireless  Hand,X
QMC,O
Cypress Semiconductor Corporation,O
Miracast,X
Global System for Mobile Communications,X
Imaging,X
Merrill Lynch,O
MoChi,X
Board of Directors,X
Unitrode,O
MFT,X
Senet Inc,O
Flextronics Towada Electronics,X
AIB,X
National Priorities List,O
Backplane,X
ESS Microelectronics N.V,X
Subsidiaries,X
Bluegiga Technologies Oy,X
"Qualcomm River Holdings , B.V",X
DLA,O
Chemetco,O
"Sierra Monolithics , Inc",X
Mubadala Technology Investments LLC,O
Amkor,X
Motorola Solutions,O
Time Division Multiple Access,X
United,X
New & Data Center,X
Montana State University,X
Rohm,X
Ubiquiti Networks,O
Northrop,X
Engineering and Product Management,X
World,X
RSUS,X
GLOBALFOUNDRIES Inc,O
DSC,O
High Speed Packet Access,X
"Avago, Inc",O
"NXP Semiconductor International , Inc",X
Advanced and DO Advanced,X
ASSP Instruments Incorporated,X
Client Computing Group,X
Virtex-2,X
Artix-7,X
"Cloudera , Inc",X
Qualcomm MEMS Technologies,O
ST Microelectronics,O
Stock Repurchase Program,X
Advanced Communications and Protection,X
Costa,X
"SMART Technologies, Inc",O
Standard Products Group,O
Worldwide Sales and Marketing,X
Design,X
Windows,X
Mediatek,O
Rogers,O
"Samsung Semiconductor , Inc",X
Snowbush,X
Wireless Local Loop,X
Future Electronics,O
CRUS,X
Maxim Solutions Inc,X
"Alphabet Systems , Inc",X
"ON , Inc",X
Spotify,X
Supertex,O
IC,X
Mubadala Tech,O
Standard Product Group,O
Freescale,O
Jabil,X
BMW,O
"SMS Ceremony , LLC",X
Electrical Engineering Technology,X
Omnitracs Division,O
Raytheon Electric Device Innovations,X
"Qorvo , Inc",X
EERAM,X
Opteron,X
General Electric,O
"Fairchild Semiconductor International, Inc",O
"Qualcomm Solutions , Inc",X
Fossil Moët Hennessy Louis Vuitton SE,X
LoRa,X
Taiwan Semiconductor Manufacturing Company,O
Qualcomm Internet Services,O
Taiwan Semiconductor Manufacturing Company Limited 's,X
Philips,O
Microchip Technology Incorporated,O
Network,X
Semiconductor Products Group,X
eFuse,X
"Sun Microsystems , Inc",X
Motorola Siemens Networks,X
Fairchild Semiconductor Corporation,O
Update,X
Sierra Wireless,O
Tsinghua Unigroup,X
VIA Telecom,O
Intersil Corporation,O
MuLTEfire,X
Mediatek Technology Corp,X
Seiko,X
Samsung Semiconductor,O
Avnera Corp,O
EasyPath,X
"Gray , Cary , Ware & Friedenrich",X
Siliconware Precision Industries Company Ltd,O
Hella,X
Wireless and Sensing Products,X
Sanken Electric,O
3rd Generation Partnership Project Two,X
Intel Mobile Communications,X
Huawei Technologies Co . Ltd,X
Virtex-5,X
Cache Coherent Interconnect Acceleration,X
AIBs,X
"Silicon Wave , Inc",X
Renasas Instruments Incorporated,X
"Citrix Systems, Inc",O
ESD,X
Post-Combination,X
TL9000 / ISO9001,X
Automotive Solutions Group,O
Alphabet,X
CPU,X
Rambus,O
Intel Semiconductor Corporation,X
Atmel Technology Incorporated,X
District Court for the Central District of California,X
Ultra HD TV,X
Bluetooth Low Energy,X
Cirrus Logic,O
Qorvo Inc,O
Hewlett Packard Company,O
Broadwell,X
PLC,X
Virtex-4,X
Tsinghua,X
Wii,X
Best-in-Class Ultra-Low Power System-On-Chip Processors,X
TPSCo,X
Passat,X
Enterprise Resource Planning,X
Cisco,O
Worldwide Sales and Applications,X
N.A,X
Closing,X
Cable,X
"Yulong Computer Telecommunication Scientific Co. , Ltd",X
Time Warner,O
"HiSilicon Technologies Co., Ltd",O
Edom Technology,O
"Fairchild Semiconductor International , Inc",X
Tablet,X
"Suzhou TF-AMD Semiconductor Co. , Ltd",X
Harvard,X
Marvell Technology Group Ltd,O
Multi-Market Products Group,X
"Applied Materials, Inc",O
iDEN,X
NVIDIA,O
Triune,X
Samsung Electronics,O
Hon,X
Qualcomm Mobile & Computing,O
Fermi,X
Financial Condition and Results of Operations,X
Mac,X
NTG,X
KEC,X
SANYO Electric Co,X
Broadcom Technologies AG,X
SAW,X
Unisem,X
WT,X
"IQE, Inc",O
LIBOR,X
Agreement,X
MG & A,X
ET,X
Chartered,O
McKesson Corporation,O
Mercedes-Benz,O
U.S. Tax Court,X
"Infineon Co. , Ltd",X
AATI,O
JDS,X
HBO,X
Tower,X
GLOBALFOUNDRIES,O
Skyworks,X
HP,O
AOCI,O
"Taiwan Electronics Co. , Ltd",X
Board,X
Sierra Monolithics Inc,O
MultiPhy Ltd,O
Operating,X
CPG,X
ISG - Comm,X
Nordic Semiconductor,O
Sales and Marketing,X
"Greenliant Systems , Ltd",X
Quanta Computer,O
Altera,O
Booz Allen Hamilton Inc,O
High-Reliability,X
Business Jose State University,X
Sandisk,X
Atmel Corporation,O
Industrial,X
Bi-CMOS,X
Mercury,X
Ultrabook,X
Bytemobile,X
CMEMS,X
NGC,X
ADAS,X
NEC Corporation,O
EMS,X
MOA,X
Phonak Electronics Co,X
Western Digital Corporation,O
Broadcom Limited,O
Toshiba Electronics Corporation,X
Compound Semiconductor Group,X
TSMC,O
Harman,X
3GPP Releases 7,X
Worldwide Field Operations,X
NVIDIA DRIVE,O
ASE,O
Flarion,X
Artix,X
Pixtronix,X
Avago,X
VMware,X
GFS,X
Bollywood,X
Seagate Digital Corporation,X
ITAR,X
Portable,X
Xilinx,O
Mil-Aero,X
CODM,X
Murata Solutions Inc,X
GRID On-Demand Streaming Service,X
EnVerv Wireless Platform,X
BAW,X
Quantum Personal Computer Hard Disk Drive Division,X
Department of Commerce,X
CCG,X
"King Yuan Electronics Co., Ltd",O
Clearwire LLC,O
Microsemi Corporation,O
TriQuint,O
"M / A-COM Technology Solutions Holdings , Inc",X
Alliance,X
Incorporated,X
Hittite Microwave,O
New York Branch,X
Business Technology and Operations Finance,X
Siliconware,X
Applied Richfield Company,X
"Dune Networks , Inc",X
ARMDA,X
PTC Business,O
Communications and Data Center,X
District Court for the District of Delaware,X
ON “ Company ”,X
License and Development Contracts.We,X
Our Systems Innovation Group,X
"Broadcom / A-COM Technology Solutions , Inc",X
RF Flex ™,X
Iray,X
Advanced Microwave Corporation,X
DeVry Institute of Technology,X
Atheros,O
"Velocity Micro , Inc",X
Capsule,X
Gibson,X
"Phonak International, Research In Motion Limited",O
New York University Stern School of Business,X
Merger,X
Wind River Systems,O
SANYO Semiconductor Products Group,O
SC Renesas Transaction,X
Samsung Medical Systems,X
QLogic Transaction,O
DSO,O
Borrowers’,X
Acquisition,X
Leipziger Fab 36 KG,X
Marvell Integrated Products,X
Tesla,O
"PMC-Sierra , Inc",X
Electrical Diego State University,X
TSX,X
Kirkwood,X
Datacenter / Cloud,X
Department of Defense,X
M Micro Circuits Corporation,X
Qualcomm Charitable Foundation,O
GuangDong OPPO Mobile Telecommunications Corp . Ltd,X
"Portal Software, Inc",O
Nintendo,O
Qualcomm Wireless & Internet,O
Compliance Assurance Process,X
JDS Uniphase Corp,O
National,X
"Tongfu Microelectronics Co. , Ltd",X
Systems Technology,O
Spartan-3E,X
Motorola Pacific Group,X
Vivado,X
PCCG,X
FAEs,X
Amkor Logistics Ltd,X
IPR & D,X
Flextronics,O
Support,X
Qualcomm Government Technologies,O
"Advanced Micro Devices, Inc",O
Automotive,X
a National Association of Corporate Directors Board Leadership Fellow,X
Inphi Arsenide Product Manufacturers,X
Our System Solutions Group,X
Mixed Circuits Group,X
Electrical University of Bradford,X
Intel Technology Inc,X
Skyworks’,X
Custom Passive Device,X
"Ambarella , Inc",X
Assisted-GPS,X
Motorola In Motion Limited,X
Aerospace,X
Nepes Corporation,O
"Cirrus Logic , Inc",X
Fujitsu,O
"Veeco Instruments , Inc",X
Spansion Inc,O
Global Testing Corporation,O
Hewlett-Packard Corp,O
Technicolor,O
Xiam,O
"Phleger and Harrison, LLP",O
DEI,X
SK,O
WBIS,X
Fairchild Semiconductor Corp,O
Lantiq Integrated Products,X
Financing,X
SoCs,X
"Provigent, Inc",O
APUs,X
"Texas Integrated , Inc",X
YouTube,X
"Phoenix Technologies, Intellisync, Inc",O
Semiconductor Manufacturing International Corporation,O
Corporation,X
ARM,O
"Citrix Systems , Inc",X
Qualcomm Single Chip,O
United Electronics Institute,O
Conexant,O
Texas Instruments Inc,O
STMicroelectronics International N.V,O
JDS Uniphase Corporation,O
SI,X
Location Positioning Technologies,X
Brooklyn,X
Advanced Communications,O
Carnegie Mellon University,X
ATMP,X
"Arrow Electronics , Inc",X
Electrical State University,X
AMD Controller Hub-based,X
Global Positioning System,X
Bosch,O
Arrow,O
ISG Netbook Group,X
Advanced Instruments Inc,X
Micron,O
Compaq Computer Corporation,O
Matrox Electronics Systems Ltd,O
"TriQuint Semiconductor , Inc",X
Marvell,O
Operations,X
"Audience, Inc",O
3GPP,X
RF360 Holdings Singapore Pte,O
Cockpit,X
"Amkor Technology , Inc",X
Elmos Semiconductor AG,O
NASDAQ,O
Group,X
"Apple, Inc",O
Analog Devices Inc,O
Gaming,X
"Technology , Manufacturing , and Enterprise Services",X
"Nantong Fujitsu Microelectronics Co. , Ltd",X
InvenSense Microelectronics N.V,X
Wells Fargo,O
"LG , Inc",X
Micrel Power Systems Inc,X
"Analog , Inc",X
Power Management and High Reliability and Signal Integrity and Timing,X
Bachelor of Technology,X
100Gbps,X
BS,O
UMC Semiconductor Manufacturing Company Limited,X
Alliance Semiconductor,O
Qualcomm Wireless Reach,O
MediaTek Mobile Platforms,X
Austriamicrosystems AG,O
Wireless Local Area Networks,X
"Diodes Semiconductor International , Inc",X
HD Radio ™,X
HyperTransport,X
Macnica,X
Triune Systems,O
Vectron International,O
Communications Infrastructure and Technical Computing,X
Hella Technologies Co . Ltd,X
S-4,X
ON Regulatory Affairs,X
ISO Standards Organization,X
Broadlight,O
Mechanical University of Michigan,X
Cypress Integrated Products,X
TC-SAW,X
Mubadala Tech,O
AG,X
Internal Revenue Service,X
Black,X
"Industrial , Aerospace and Defense",X
SDx,X
Rogers Corporation,O
Benchmark Towada Electronics,X
PulseCore Semiconductor,O
Cortex A53 Application Processing Unit,X
Sony,O
"Meizu Technology Co., Ltd",O
AM / FM,X
Data Storage Technology,X
Financial Planning & Analysis and Treasury of SCI LLC,X
AMTC,X
"Murata Technologies , Inc",X
SCI SANYO Semiconductor Transaction,X
Original Equipment Manufacturers,X
Radio Company Ltd,O
Civic,X
Infrastructure and Networking,X
Navigant,X
MultiSynth,X
Worldwide Field Operations,X
EPS,X
"Rohm Intertechnology , Inc",X
Revenue,X
5G New Radio,X
SANYO EPSON,O
Application Products Group,X
WSA,X
Amalfi Semiconductor Inc,O
Power Technology Corporation,X
"Nantong Fujitsu Microelectronics Co., Ltd",O
Intel Core Processor,X
CoolRunner,X
Fujitsu Limited,O
NXP Semiconductors,O
Adobe,X
Qualcomm Incorporated,O
Illinois State University,X
NDCP,O
Wind River Software Group,O
"Qualcomm Technologies , Inc",X
Laird,X
CSR,X
SANYO Electric and Semiconductor Company,O
"Integrated , Inc",X
Advanced,X
Commitments,X
West Coast Hitech L.P,X
DFE,X
Monte-Carlo,X
Semiconductor Products Sector,X
Western,X
"Skyworks Solutions, Inc",O
E7,X
"Silicon Labs """,X
X-FAB Semiconductor Foundries AG,X
Ultra,X
"Micron Technology, Inc",O
IDT Technology Group,X
Quantenna Motion Technology Corporation,X
General Packet Radio Service,X
John ’s University School of Law,X
XLP,O
Acquisitions and Divestitures,X
"Sharp , Inc",X
JV Chinese Target Company,X
Siliconware ChipPAC Incorporated,X
Finance and Enterprise Services,X
Cornell Science and Engineering,X
Bhd,X
DCC,X
DEVICES CORPORATION,O
CMs,X
World Wide Sales,X
Renesas Electronics,O
Global Navigation Satellite System,X
"Suzhou TF AMD Semiconductor Co. , Ltd",X
Qualcomm Haven Security Solutions,O
Percello,X
SDNet,X
Canon ’s Court,X
Turion,X
New and Base Products,X
Multi Phone Group,X
"Rocky Holding, Inc",O
Google Chromecast,O
"VIA Technologies, Inc",O
Unimicron Technology Corporation,O
"our Audit and Finance , Compensation and Nominating and Corporate Governance committees of our Board of Directors",X
Gartner,O
Spreadtrum,X
GSM,X
Spartan-II,X
AMD,O
Voluntary Retirement Program,X
ON Standard Products Group,X
Care Innovations,O
SANYO of Engineering,X
Mindspeed,X
"Portal Software , Inc",X
VRWorks,X
Spreadtrum Communications,O
"Clearwire Communications , LLC",X
Brazos,X
Avago Technologies,O
Police Science and Administration,X
Our Business and Operating Segments,X
Advanced Analogic Technologies Inc,O
Renasas,X
Gennum Products,O
PTT,X
"Nepes Precision Industries Co. , Ltd",X
"Board of Myomo, Inc",O
Sanmina,X
Ms . Sterling,X
Xicor,X
Cortex,X
"Provigent , Inc",X
Sony Computer Entertainment,O
Renasas Electronics Corporation,O
Sensus,O
PC Client Group,X
ROBORACE York University,X
Time Warner,O
PCI,X
"Avago / A-COM Technology Solutions , Inc",X
"Gigle Networks , Inc",X
IOTG,X
SANYO EPSON IMAGING DEVICES CORPORATION,X
International,X
ASUS,O
"Juris University of California , Hastings College of the Law",X
Swingline,O
A-COM Technology Solutions,O
"SiGe Semiconductor , Inc",X
"Samsung Electronics Co. , Ltd",X
"Niigata SANYO Electric Co., Ltd",O
Gennum Corporation,O
St. John,O
Simplification,X
"U.S. Ethernet Innovations , LLC",X
GF Board,X
TMOS,X
Storage,X
Ember Corporation,O
Skyworks',X
Symantec,X
a Loan Party,X
Hewlett-Packard Inc,X
Electronic Design Automation,X
Iowa,X
CSP EEPROMs,O
"Hewlett Networks , Inc",X
Base,X
2100 Logic Drive,X
Citrix,O
"Rocky Holding , Inc",X
"Itron, Inc",O
SAS,O
GoerTek Inc,O
GPU Solutions Business,X
DRC,X
"Apple Hai Precision Industry Co. , Ltd",X
Qualcomm Internet Services  Division,X
Worldwide of Directors,X
MD & A,X
LG Electronics,O
"Supertex, Inc",O
Hewlett-Packard Company,O
Hewlett Packard,O
Heterogeneous Systems Architecture,X
PSB Products Business,X
ON,X
RF Fusion ™,X
Tsinghua Unigroup Ltd,O
Opening,X
"Avnet , Inc",X
Netflix,X
Strategic Investments,O
VISION Pro Technology,X
Semtech Corporation,O
Huawei Technologies Co. Ltd,O
City,X
Lam Research Corporation,O
China,X
OFDMA,X
Diodes Incorporated,O
"Nantong Fujitsu Microelectronics , Co. , Ltd",X
"Sound Design Technologies , Ltd",X
GF and Chartered,X
Mobile and Wireless  Solutions for the Hand  and Infrastructure and Networking,X
"Veeco Instruments, Inc",O
Leshan-Phoenix Semiconductor Company Limited,O
Bloomberg,X
NPD,O
R & D,X
Virtex-E,X
QRS,X
Beceem,O
TD - SCDMA,X
Catalyst,X
G-Series,X
Intel,O
IRS,X
Global System for Mobile Communication,X
Microsoft Corporation,O
JVs’,X
Cloud,X
Nanya Technology Corporation,O
Human,X
Hyundai,X
Cypress,X
Jefferies Finance LLC,O
VIVO,O
Wi-Fi,X
Internet,X
Gennum Product Group Thunderbolt,X
ARM Technology Group,X
UNIX,X
Our Audit Committee,X
a Certified Public Accountant,X
Epson,O
Protection,X
Hewlett,X
Monolithic Power Systems,O
Asus Transformer,O
Western Digital,O
Analog Semiconductor Corp,X
Discrete Desktop Graphics,X
Google Cloud,O
Mercury Research,O
IA,O
Maskhouse,X
General Electric Company,O
U,X
PSG,X
Cirrus Fargo Bank,X
Advanced Communications and the Wireless and Sensing,X
"EnVerv , Inc",X
Consumer,X
Vizio,O
GoerTek Semiconductor Corporation,X
"Samsung Electronics Co., Ltd",O
Power - Reliability,X
Samsung  Foundation,X
Heterogeneous System Architecture,X
MobileSmarts,X
Marvell Electronics Co . Ltd,X
ISE,X
"Knowles Instruments , Inc",X
CSG,O
"Mediatek, NEC Corporation",O
ATIC II,O
"Siliconware Precision Industries Co., Ltd",O
Acoustic,X
Beyond Automotive,O
NVIDIA DGX-1,O
Brocade Communication Systems,O
Virtex & Kintex UltraScale,X
Qualcomm Reference Design,O
General Tax Counsel,O
Electro-Optics,X
Japan Sales and Marketing,X
ProSLIC,X
BIP-LSI,X
QCT Engineering,O
"Applied Materials , Inc",X
Non-Volatile Memory Solutions Group,X
Blue,X
ON Semiconductor ’s,X
McAfee Endpoint Security 10.X,X
SCI ’s Semiconductor Components Group,X
Tessera,X
UniSpreadtrum,O
Corporate Law Department,X
"Broadcom Communications , Inc",X
ARMADA,O
Power Line Communication,X
Medical,X
"SANYO Electric Co., Ltd",O
HiSilicon Technology Group Ltd,X
GSMA Foundation,O
NXP Semiconductors N.V. Pursuant,O
Semtech Canada Corporation,O
ST-NXP,X
"AMD International Sales & Service , Ltd",X
A10,X
Moody,O
Athlon,X
A4,X
EZ-Connect,X
R9,X
Open Computing Language,X
Macs,O
Standard and Logic Group,X
Intel Corporation Board of Directors,O
Financial Planning & Analysis,X
"Marvell Technology Group, Ltd",O
China Merchant Bank,X
Ms . Burns,X
ZTE,O
SPE,X
Boston University of Phoenix,X
GaAs,X
MSI ’s Storage,X
M / S B100.2,X
Interim,X
FASB,X
"M Manufacturing Co. , Ltd",X
Corporate,X
Bosch GmbH,O
Code Division Multiple Access,X
Titan,X
Manufacturing and Supply Chain,X
Mindspeed Technology Inc,O
Fab 4 's,X
Sonova,X
Active-Semi,X
Cree,X
ASSP,X
Linear Instruments Incorporated,X
Linear Micro Devices,X
Pascal,X
Channel,X
FX,X
Consumer and Automotive,X
SWRCB,X
Lockheed Missiles and Space Company,O
Itron,O
Chemical University of Cincinnati,X
Samsung Electronics Co. Ltd,O
HSPA,X
International Rectifier Corp,O
Wireless and Sensing,X
FLCTM,X
a Bachelor of Science in Bioengineering,X
a Master of Business Administration,X
"Benchmark Electronic, Flextronics",O
GF,O
"AMIS Holdings , Inc",X
Human and Human Resources,X
DAA,O
Software and Services Group,X
Cloud Computing Platforms,X
CrossFire,X
6th Generation A-Series Processor,X
Marshall Valuation Services,X
Fibre,X
MS,X
Clearwire Corporation,O
Quantum Corp,O
StrataGX,X
NVIDIA Iray,O
"DexCom, Inc",O
SANYO System Solutions Group,X
"Maxim / A-COM Technology Solutions Holdings , Inc",X
Solomon  International,X
"Maxim Integrated Products , Inc",X
Configurable,X
Cisco Systems,O
U.S. Securities and Exchange Commission,X
Guarantors,X
AMD Coast Hitech L.P,X
Electrical Engineering and Computer Science,X
Claremont University of California,X
