Entity,white_list
Our Audit Committee,X
ESS Semiconductors N.V.,X
"AMD  Co. , Ltd.",X
Czech,X
Questflo,X
Monolithic Devices Inc,X
ATI CrossFire Pro ™.,X
Analog and Interface Products Division,O
"Hon Hai Precision Industry Co., Ltd.",O
Signal Integrity and Timing Product,X
NTG Ultra-Mobility Group,X
IPM,O
CSP EEPROMs,O
Freescale Technologies Ltd.,X
BiFET,X
Bang,X
Ember,O
Maxim Power Systems,X
Unisem,X
Maxim Instruments Inc.,X
Mubadala Technology Investments LLC,O
Qualcomm Technology Licensing,O
"King Yuan Electronics Co., Ltd.",O
"Nokia , Inc.",X
Dune Networks,O
"Texas Instruments, Inc.",O
RF360 Holdings Singapore Pte,O
Sharp,X
Leipziger Fab 36 KG,X
Media,X
Cisco Systems,O
"Platform of Things , Software and Services",X
Quantum Corp.,O
Future Electronics,O
Hewlett - Packard Company,X
WT,X
Raytheon Electric Device Innovations,X
"Maxim Integrated Products, Inc.",O
"Avago / A-COM Technology Solutions , Inc.",X
General Tax Counsel,O
"Samsung Electronics Co. , Ltd.",X
SMS Audio,O
Access,X
System,X
"Fairchild Semiconductor International, Inc.",O
"Tongfu Fujitsu Microelectronics Co., Ltd.",O
Motorola,O
Advanced Communications and Sensing,X
"SiGe Semiconductor , Inc",X
Equity Bank Securities Inc.,X
Iowa,X
Samsung Electronics Co . Ltd.,X
Skyworks-owned,X
Kingpak,X
General Semiconductor,O
VISION Pro Technology,X
Cooley,O
"Cavium , Inc.",X
Texas Devices Inc.,X
HD Radio ™.,X
Integration Associates,O
Amazon.com,X
Triquint,X
ARM Semiconductor Inc.,X
VISION Technology,O
Global Foundries Inc.,O
HK,X
Renesas Technology Corp.,O
"II-VI, Inc.",O
Share Repurchase Program,X
Bytemobile,X
Merrill Lynch,O
JVs’,X
National Association of Corporate Directors Board,O
Hewlett-Packard Packard Enterprise Company,X
Phoenix,X
Agreement,X
QUALCOMM,O
Spartan-3A,X
Fairchild Semiconductor,O
"Xilinx , Inc.",X
Pascal-powered,X
HGST,O
Broadcom Corporation,O
GreenPeak Technologies,O
Simplification,X
"Supertex , Inc",X
Pace,X
"Intel , Inc.",X
Energy Micro 's,X
ATI Technologies ULC,O
AKM Semiconductor Inc.,O
Sanken Electric,O
Foxconn Inc.,X
HERE,X
Cabot Microelectronics Corporation,O
Leshan-Phoenix Semiconductor Company Limited,O
Microchip,O
Applied Micro Circuits Corporation,O
Asus,X
Integration,X
"Ubiquiti Networks , Inc.",X
Significant Technologies,O
PCIe,X
ZTE Corporation,O
District,X
Error,X
Worldwide Sales and Applications,X
Atmel Semiconductor Corp,X
WCIS,X
Advanced and DO Advanced,X
Itron Electronics Co . Ltd.,X
"Intel-GE Care Innovations , LLC",X
TL,O
Strategic Investments,O
Flarion,X
Solomon,X
Semiconductor,X
Spectra Linear,O
"Motorola, Inc.",O
Infonetics,X
Linear Micro Devices,X
Alphabet,X
IBM Party,O
Broadcom Ltd.,O
Broadlight,O
Maxim Technology Inc.,X
Monolithic Power Systems Inc.,O
Beyond Automotive,O
EBV,X
Huawei Technologies,O
Murata Grumman Corporation,X
Hampshire Company,O
Amazon Web Services,O
ON Aptina Imaging Business,X
Technicolor Medical Systems,X
General,X
"Microsoft Group , Inc.",X
NXP B.V.,O
Monolithic Power Systems,O
Company Loan Parties,X
YouTube,X
Global System for Mobile Communication,X
NEC Epson Corporation,X
Autodesk,O
Niigata,X
A-Series,X
SANYO Display Company,X
IPR & D.,X
AOCI,O
CPU,X
Philips Electronics,O
CR-V,X
Premier,X
Mobileye Instruments Incorporated,X
Dell,O
Tesla,O
"Industrial , Medical and Mil-Aero Product Group",X
Velocity Micro,O
Advanced Analogic Technologies Inc.,O
"Advanced Micro Devices , Inc.",X
QMC,O
"Advanced Micro Devices, Inc.",O
Imagination Technologies,O
Intersil Inc.,O
Global Testing Corporation,O
Tessera,X
Hyundai Electronics,O
"MultiPhy International , Inc",X
Project,X
JV Partner,X
Ericsson Mobile Platforms,O
Syracuse,X
Applied Richfield Company,X
District Court for the Central District of California,X
"Amkor Technology, Inc.",O
Intel Developer Forum,X
"Littelfuse, Inc.",O
AMD FirePro ™.,X
Foxconn Technology Group,O
"Greenliant Systems , Ltd",X
PCCG Center Group,X
TDK Corporation,O
WiFi,X
Yahoo,O
HP Inc.,O
Merrill,X
"Micron Technology, Inc.",O
IbidenCo,X
Toshiba Electronics Corporation,X
SCI Solutions Group,X
Mitsubishi Electric,O
"UMC Electronics Co. , Ltd.",X
TSMC,O
ASSP Instruments Incorporated,X
Management ’s Discussion and Analysis of Financial Condition and Results of Operations,X
KPMG,O
EasyPath,X
Fairchild Technologies AG,X
Samsung Electronics Co.,O
Cloud,X
"Itron, Inc.",O
World,X
Power Management and High-Reliability,X
Apple In Motion Limited,X
MUFG Union Bank,X
Siliconware ChipPAC Ltd,X
LIBOR,X
ST Microelectronics,O
Radeon Open Compute Platform,X
Beceem,O
Future,X
Spectra Linear 's,X
Kansas,X
Datacenter / Cloud,X
SmartThings,X
MU,O
Audit Governance committees of our Board of Directors,X
"TriQuint Semiconductor , Inc.",X
National Semiconductor Corp.,O
AMD,O
FPGAs,X
Mediatek Electronics Co . Ltd.,X
Xiaomi,O
Agent,X
"Technology , Manufacturing , and Enterprise Services",X
Juniper,O
Fiber,X
ATIC International,O
Advanced Microwave Corporation,X
Knowles,X
Microchip Communications S.A.,X
Systems Technology,O
Integrated,X
Qualcomm Charitable Foundation,O
Image,X
High,X
ST-NXP,X
"Filtronic Compound Semiconductors, Limited",O
Moody,O
License and Development Contracts.We,X
"Huawei , Inc.",X
Our Image Sensor Group,X
Maxtor,O
Siliconware ChipPAC Incorporated,X
Storage,X
"Wii of America , Inc",X
Candescent,O
Gennum,O
Finisar Corporation,O
Tsinghua Unigroup Ltd.,O
ASUS,O
"SMART Technologies , Inc.",X
Austriamicrosystems Semiconductor PLC,X
"Qualcomm Europe , Inc.",X
Cisco,O
Truesense,O
Wells,X
Delta,O
Taiwan,X
Data and Smart Devices,X
Broadband and Wireless and Infrastructure and Networking,X
"Autodesk, Inc.",O
"Cisco Systems , Inc",X
"MACOM Technology Solutions Holdings , Inc.",X
"KEC Intertechnology , Inc",X
"Rocky Holding, Inc.",O
Phonak Electronics Co.,X
Wells Fargo,O
Jaguar,O
Wireless and Networking,X
Candescent Technologies Corporation,O
Baidu,O
SMIC,O
Media Tek,O
Treasury of SCI LLC,X
KEC,X
Client and Technology Solutions,X
Chartered Semiconductor Manufacturing Ltd.,O
Western Digital,O
Knowles Corporation,O
SDx,X
Qorvo Inc.,O
Inphi Micro Circuits Corporation,X
"AMD International Sales & Service , Ltd.",X
EERAM,X
SCI LLC,O
Leadis Technology Inc,X
PulseCore,O
Xiam,O
Power - Reliability,X
RDA,X
"Catalyst Semiconductor , Inc.",X
Sanmina Towada Electronics,X
"Broadcom Technologies Co. , Ltd.",X
Compaq Computer Corporation,O
Update,X
Stanford,X
MagnaChip Semiconductor Corporation,O
Borrower,X
UniSpreadtrum,O
Infineon,O
European,X
SANYO EPSON IMAGING DEVICES CORPORATION,X
ISSC Technologies Corporation,O
Gate,X
Electronic,X
Maxim Integrated Products,O
"Filtronic Compound Semiconductors , Limited",X
Advanced Technology Investment Company LLC,O
Broadband and Wireless  Hand,X
Amalfi Semiconductor,O
Intellisync,X
LG Electronics,O
"ATIC II , Chartered",X
Corporate Analysis & Strategy of SCI LLC,X
Guarantor,X
Gennum SG & A.,X
Freescale Semiconductor Inc.,O
Narrow-Scope Improvements and Practical Expedients,X
HiSilicon Technologies,O
"BroadLight , Inc.",X
ST-Ericsson,O
ARM Holdings plc,X
Mercedes-Benz,O
Fibre,X
Asus Transformer,O
PSB Products Business,X
Avnera Corp.,O
Micrel Power Systems Inc,X
"Silicon Wave , Inc.",X
SDSoC,X
Capital,X
Intelligent Systems Group,O
Mitsubishi Instruments Incorporated,X
Cypress,X
AG,X
Simplicity,X
Linear Technology,O
Amazon,O
Audi,O
New & Defense and Communications,X
"Reserve International Liquidity Fund, Ltd.",O
Amalfi Semiconductor Inc.,O
Clearwire Corporation,O
Hon / Foxconn,X
Edom Technology,O
Seagate Digital Corporation,X
Wolfson,O
Broadcom Limited,O
Civic,X
Percello,X
SG & A.,X
Jabil,X
Toshiba,O
Care,X
Renesas Instruments Incorporated,X
LG Electronics Co . Ltd.,X
Bentley,O
TF  Sdn,X
Siliconware Precision Industries Ltd.,O
Samsung  Foundation,X
"Phleger and Harrison, LLP",O
Nest,X
Broadcom,O
National Cancer Institute,O
Integrated Device Technologies,O
Sony,O
Atmel,O
Skyworks,X
GuangDong OPPO Mobile Telecommunications Corp. Ltd.,O
Cisco Report,O
"Microsemi Technology Group , Ltd.",X
Worldwide of Directors,X
MediaTek Electronics Corporation,X
"Avnera Technology , Inc.",X
General Instrument,O
SANYO of Engineering,X
New & Data Center,X
Fairchild Effective Time,X
Amkor Logistics Ltd.,X
Mediatek Electronics Corporation,X
CIRRUS,O
RF Fusion ™.,X
Itron,O
Ms,X
Signetics,X
Opteron,X
TC-SAW,X
"Rohm Co., Ltd.",O
SMI Inc.,O
Intel Technology Inc.,X
Maxim Instruments Incorporated,X
NXP Technologies AG,X
International Business Machines,O
Systems,X
"Meizu Technology Co. , Ltd.",X
Qualcomm MEMS Technologies,O
International,X
"Sharp , Inc.",X
Standard & Poor,O
"Audience , Inc.",X
TDK,O
Spansion Inc.,O
Broadcom Semiconductor Inc.,X
"Freescale Semiconductor , Inc.",X
Facilities,X
Marvell Technology,O
Amkor Technology Inc.,O
"Beceem and Gigle Networks, Inc.",O
Broadcom Technologies Ltd.,X
Tektronix,X
"Maxim Integrated Products , Inc.",X
San,X
"Timing Device Technology , Inc.",X
Renesas Electronics,O
ZF,O
Strategic,X
"Toshiba America Electronic Components, Inc.",O
"Samsung Electronics Co., Ltd.",O
"Sierra Monolithics, Inc.",O
Microchip Technology Incorporated,O
Omnivision Technologies,O
Texas,X
APUs,X
Harman,X
Hewlett Packard Company,O
Our Business and Operating Segments,X
Nexus,O
"Triune Systems , LLC",X
SANYO University of Tokyo,X
QGOV,X
A-COM Technology Solutions,O
"Marvell Semiconductor, Inc.",O
"Texas Integrations , Inc",X
S7000,X
MG & A.,X
CPB,O
Mercury,X
"Apple, Inc.",O
VCA,X
Spartan-3E,X
"Huawei Technology Co., Ltd",O
Bosch GmbH,O
DriveWorks,O
"New , Base and Support Products",X
Protek,X
"Cavium, Inc.",O
"SANYO Electric Co., Ltd.",O
"Spectra Linear , Inc",X
Cloud Computing Platforms,X
NVIDIA,O
"GoerTek Instruments , Inc",X
Electrical Engineering and Telecommunications and Informatics,X
"Huawei Technologies Co. , Ltd.",X
Silicon Laboratories,O
Sequans,X
Clock,X
R & E International,X
Cloud Computing Platforms.Mobile,X
JCAP,O
Metering and Machine to Machine,X
Hella Technologies Co . Ltd.,X
ICERA,O
"Audience, Inc.",O
Opening,X
"Broadcast , Consumer & Automotive",X
Brazos,X
TouchXpress,X
TSPS Corporation,O
Littlefuse Semiconductor Corporation,X
Supertex,O
SST,O
Global Semiconductor Market Association,O
ARM Limited,O
Sumitomo,X
"Meizu Technology Co., Ltd.",O
Skyworks Solutions Inc.,O
GSMA,X
Analog Semiconductor Corp,X
Broadcom Communications Holdings Inc.,X
Gallium,X
Columbia Sportswear,O
Inphi Arsenide Product Manufacturers,X
PACT XPP Technologies,X
NSG,O
Samsung Medical Systems,X
Sony Semiconductor,O
Rohm Rectifier Corporation,X
Qualcomm Wireless & Internet,O
"Murata Technologies , Inc.",X
LiquidVR,X
GSMA Intelligence,O
"NetLogic Microsystems , Inc.",X
Numonyx,O
Penang,X
Ernst & Young LLP,O
Huawei Technologies Co. Ltd.,O
Advanced Semiconductor Engineering,O
TD - SCDMA,X
Lam Research Corporation,O
Tsinghua Holdings Co. Ltd.,O
Rohm Semiconductor,O
Zynq-7000,X
AM / FM,X
Tritech Microelectronics,O
Bank,X
Radio,X
DSP Group,O
Motorola Siemens Networks,X
Amkor Technology,O
Syndication,X
SolidWorks,O
ABI,X
Maxim Integrated Products Inc.,O
Vishay,X
OPPO,O
Renasas,X
TFME,O
Analog Devices Inc.,O
Quantum Personal Computer Hard Disk Drive Division,X
"Nantong Fujitsu Microelectronics , Co. , Ltd.",X
"Avnet , Inc",X
Borrowers,X
"Atheros Communications , Inc.",X
Shares,X
"Sony Computer Entertainment , Inc",X
Delta Electronics,O
Swingline,O
Signal Integrity and Timing,X
Microsemi Instruments Incorporated,X
Micron,O
Santa,X
National Priorities List,O
Professional,X
CODM,X
Agere,X
Administrative  Credit Facility,X
ESS Microelectronics N.V.,X
"EnVerv , Inc.",X
LSI,O
ClariPhy,X
Triune Systems,O
"QUALCOMM, Inc.",O
ADI,O
Broadcom Integrated Products,X
Alicloud,X
Hewlett-Packard,O
Comcast,O
General Electric Company,O
"Falcon Operations Sub, Inc.",O
Tsinghua Holdings Co . Ltd.,X
Integrated Device Technology,O
SONET,O
Communications Infrastructure and Technical Computing,X
NVIDIA GRID,O
NVIDIA Tesla,O
AAC Semiconductor Inc.,X
"Advanced , Aerospace & Defense",X
"Board of Myomo, Inc.",O
Imagination Technologies Group plc,X
Volkswagen Golf,O
NVIDIA CUDA,O
GRID On-Demand Streaming Service,X
"A-COM Technology Solutions Holdings, Inc.",O
Ware & Friedenrich,O
"Samsung America Electronic Components , Inc.",X
Wolfson Microelectronics plc,X
Lantiq Technology Group,X
Marvell,O
Staff Accounting Bulletins No,X
MuLTEfire,X
California Micro Devices Corporation,O
"PMC-Sierra , Inc.",X
QCT Product Management,O
Financial and Enterprise Services Officer,X
"TF-AMD Semiconductor Co., Ltd.",O
"TF AMD Semiconductor Co., Ltd.",O
"General , Inc.",X
Black,X
ODMs,X
Power and High-Reliability,X
"Supertex , Inc.",X
OEMs,X
Chinese,X
Skyworks Electric Device Innovations,X
SANYO Semiconductor Products Group,O
General Electric,O
ON ’s Semiconductor Components Group,X
ST Microelectronics N.V.,O
Hitachi,O
Other Significant Technologies,X
Jetson,X
Sony Playstation,O
Realtek Semiconductor,O
SEC Standards of Business Conduct,X
Virtex-E,X
RF Flex ™.,X
"Apple Semiconductor , Inc.",X
Atlantic,X
Duke,X
Continental,X
Microsoft and Tools,X
"VMware , Inc.",X
Mobileye N.V.,O
"Sybase, Inc.",O
"Yulong Computer Telecommunication Scientific Co., Ltd.",O
SanDisk,X
IBM Corporation,O
ST,X
Chartered,O
"AMCC, ClariPhy Communications, Inc.",O
Elmos Semiconductor AG,O
Fab,X
Arris,O
Solutions for the Home - Highly-integrated,X
ATIC II,O
STMicroelectronics,O
ON “ Company ”.,X
Dialog Semiconductors N.V.,X
Consumer and Automotive,X
Silicon Storage Technology,X
SMI,O
Intel Technology Corp.,X
Asia-Pacific,X
Service,X
ASE,O
"AMIS Holdings , Inc.",X
Optoelectronics,X
HiSilicon Technology Group Ltd.,X
RDA Microelectronics,O
"Intersil Integrated Products , Inc.",X
Taiwan Semiconductor Manufacturing Co.,O
Morgan Stanley,O
GRACE / HHNEC,X
NEC Corporation,O
Bogazici,X
"Micrium , LLC",X
Khronos Group,O
ATI CrossFire Pro,X
Time Warner,O
"M / A-COM Technology Solutions Holdings , Inc.",X
Thailand,X
Discovery,X
DSP Integrated Products Inc.,X
QMC Product Management,X
"Phoenix Technologies, Intellisync, Inc.",O
Intersil Semiconductor Corporation,X
"Merrill , Fenner & Smith Incorporated",X
Dune,X
GLOBALFOUNDRIES,O
Guarantors,X
Firethorn,X
Financial Reporting Manager,X
ZMD,X
Maxim Analogic Technologies Inc.,X
ISG - Comm,X
Optical Transceiver Module IC 's,X
Server . Kress,X
Senet Inc.,O
Business Products Group,X
"Sunext Design , Inc",X
Tritech,X
Google TV,O
Cloudera,O
"Opnext, Inc.",O
Alcatel-Lucent,O
Advanced Coast Hitech L.P.,X
EFM32,X
SANYO Semiconductor Transaction,O
"Texas Integrated , Inc.",X
TDK-EPCOS,X
Carrier,X
Fossil Moët Hennessy Louis Vuitton SE,X
Airbus,O
Marvell Technology Corp.,X
"Industrial , Aerospace & Defense",X
ASML Holding N.V,X
Littlefuse,O
Siliconware,X
Microsemi and Sensing,X
SANYO Electric Co.,X
Samsung Electronics,O
Bachelor of Technology,X
CA,X
"Avnet, Inc.",O
Medical,X
KEC Corporation,O
Brew,X
"New , Aerospace & Defense and Communications",X
MS,X
NPD,O
VISION,X
"Microsemi, Nordic Semiconductor",O
Maskhouse,X
Base,X
McKesson Corporation,O
Business Jose State University,X
CH2M,X
NVIDIA DGX-1,O
Open-Silicon,X
Sierra,X
Vectron International,O
King Yuan Electronics Company,O
Cayman,X
Analog Solutions Group,O
"Yahoo , Inc",X
Microsoft Cognitive Toolkit,O
Mobile and Wireless  Solutions for the Hand  and Infrastructure and Networking,X
Boston University of Phoenix,X
"Cirrus Logic, Inc.",O
SANYO Semiconductor Co . Ltd.,X
Americas',X
"Live Nation Entertainment , Inc.",X
Microsemi Instruments Inc.,X
ISO / TS-16949,X
Bharti Airtel Limited,O
NXP Co . Ltd.,X
"HBO , Inc.",X
Bosch Automotive Systems,X
Broadband and Wireless,X
Advanced Communications and Gennum Product,X
"Qorvo, Inc.",O
Sandisk,X
Vectron,X
Conexant Integrated Products Inc.,X
Strategy,X
Board of Directors',X
AMD Holdings plc,X
"Board Audit and Finance , Compensation and Leadership Resources",X
Client,X
VSOE,O
AMD Fab 36 Limited Liability Company & Co . KG,X
QLogic,O
MSI ’s Storage,X
Smart Mixed-Signal Connectivity ™.,X
"Microchip Technology , Inc.",X
Mobile and Networking,X
Motorola Semiconductors Europe,O
"Niigata SANYO Electric Co., Ltd.",O
M.S.E.E,X
Omnitracs,O
"Integrated , Inc.",X
"Brew , Plaza",X
Maxim Integrated,O
"Suzhou TF AMD Semiconductor Co. , Ltd.",X
Power Solutions Group,O
Infineon Instruments Inc.,X
Hittite Microwave,O
Cayman Inc.,X
"Nantong Fujitsu Microelectronics Co. , Ltd.",X
Ltd Inc.,X
Xeon,X
L3,X
"Icera, Inc.",O
"Avnet , Inc.",X
Oracle Corporation,O
Intel Integrated Products,X
"GLOBALFOUNDRIES , Inc.",X
International Rectifier Corporation and Texas Instruments Incorporated,O
"Wind River Systems , Inc.",X
"NuVasive , Inc.",X
Borrowers’,X
SCI Semiconductor Division,X
Hewlett,X
"Sierra Monolithics , Inc.",X
Sagem,O
Atheros Communications,O
Our Power Solutions Group,X
National Development and Reform Commission,O
Seiko,X
NASDAQ Stock Market,O
MD & A.,X
Advanced Interconnect Technologies,O
Tablet,X
Japan Sales and Marketing,X
Non-Volatile,X
Multi - Market Products Group,X
"McAfee, Inc.",O
UPS,O
VIA Telecom,O
Motion,X
Schneider,O
Director of Taxes and Tax Counsel,X
Columbia Sportswear Company Board of Directors,X
STATS ChipPAC Incorporated,X
LFoundry,X
Opnext,X
Our System Solutions Group,X
TPSCo,X
Columbia,X
Toshiba Semiconductor Manufacturing Company Limited,X
Novellus Systems Inc.,O
Lenovo,O
X-FAB Semiconductor Foundries AG,X
Segment,X
"Bytemobile, Inc.",O
Fairchild Semiconductor Corp,X
"Design , Device / Yield Engineering and Quality Systems",X
NDCP,O
"Bachelor University of California , Berkeley",X
"Cloudera , Inc.",X
Silicon,X
Kintex-7,X
Avnet Inc.,O
Acer,O
Taiwan Semiconductor Manufacturing Company,O
"Alphabet Systems , Inc.",X
"AMIS Holdings, Inc.",O
QLogic Transaction,O
"North America Sales , Computing Segment Sales and Sales Operations",X
"Infineon Co. , Ltd.",X
STMicroelectronics Instruments Incorporated,X
Motorola Solutions,O
"NXP Semiconductor International , Inc.",X
Semtech,X
HP,O
AMD Micro Devices Export Sdn,X
PulseCore  Inc.,X
FX,X
PRQ,O
"Fuzhou Rockchip Electronics Co., Ltd.",O
"Triune Systems , LLC.",X
Analog,O
WOLFSON,O
Gennum Corporation,O
"Phonak International, Research In Motion Limited",O
Huawei Siemens Networks,X
Texas Technology Corporation,X
CDMA2000,X
"Supertex, Inc.",O
Hitachi Digital Corporation,X
GPU Solutions Business,X
SeaMicro,O
Renasas Instruments Incorporated,X
Monolithic Instruments Inc.,X
Miracast,X
MediaTek Inc.,O
Ms . Burns,X
Zynq,X
Apple Inc.,O
"Brobeck , Phleger and Harrison , LLP",X
Nordic,X
Aptina Imaging Business,O
Icera modem,O
Flash-IP,X
Amazon.com Inc.,O
QSI,O
Qualcomm Strategic Initiatives,O
"Professional Computer Technology, Ltd.",O
MultiPhy Ltd.,O
Google Chromecast,O
"Nantong Fujitsu Microelectronics Co., Ltd.",O
ISE ® Design Suite,X
Omnitracs Division,O
GF,O
SWKS,O
Worldwide Sales and Marketing,X
SOI,O
RFMD,X
Conexant Systems,O
National Semiconductor Corporation,O
ON,X
Co-Book,X
DSO,O
STMicroelectronics N.V.,O
STMicroelectronics International N.V,X
McAfee,O
Sunext Design,O
S-4,X
"Sirenza Microdevices, Inc.",O
"Broadcom , Inc.",X
Euro,X
Blue,X
"Samsung Electronics Co. , Ltd",X
"Analog Devices , Inc.",X
Flextronics Towada Electronics,X
Intel Corporation,O
AMTC Building Administration GmbH & Co . KG,X
Qualcomm Front End,O
Benchmark,X
Panasonic & Industrial Systems Company,X
"Citrix Systems , Inc.",X
Varian Medical Systems,O
Apple ’s App Store,X
"Amkor Technology , Inc.",X
"Marvell Manufacturing Co. , Ltd.",X
Power Management and High Reliability and Signal Integrity and Timing,X
Diodes Semiconductors N.V.,X
Siliconware Precision Industries Ltd,O
ON Semiconductor ®.,X
Capsule,X
Continuing,X
AAC Technologies,O
Mainstream,X
LSI Logic Corporation,O
Garmin,O
Aerospace & Defense,X
Google,O
Northwestern in Electrical Engineering,X
"Harry & David Holdings , Inc.",X
Interim,X
Imagination Technologies Group,O
THATIC JV's,O
Imagination Technology Group,O
Hewlett-Packard Corp.,O
Hewlett-Packard Inc.,X
Note2,X
TF AMD Microelectronics,O
Anadigics Inc.,O
Tianjin Haiguang Advanced Technology Investment Co. Ltd.,O
"TSMC Electronics Co. , Ltd.",X
Things,X
Gennum Products,O
Cree,X
Juniper Networks,O
Deutsche of America,X
Mobile,X
Consumer & Automotive and Other,X
Samsung Hai Precision Industry Co.,X
Information,X
SANYO System Solutions Group,X
Bloomberg,X
Energy Micro AS,O
Our Systems Innovation Group,X
Lattice,X
Western Digital Corporation,O
UK  Limited,X
PulseCore Holdings,O
SMSC,O
Dell Group Limited,X
FS,X
Qualcomm Retail Solutions,O
Murata Solutions Inc.,X
Moore,X
ON Semiconductor ’s,X
"McAfee , Inc.",X
"AMD Haiguang Advanced Technology Investment Co. , Ltd.",X
Strategic Realignment Plan.,X
Beijing UniSpreadtrum Technology Ltd,X
Advanced Micro Devices Export Sdn,O
Telegesis,O
"Cisco Systems , Inc. '.",X
"LG , Inc.",X
Qualcomm CDMA Technologies,O
Qualcomm Europe,O
"Autodesk , Inc",X
Avanta,X
MagnaChip Semiconductor LLC,O
Swiss,X
Wind River Software Group,O
STATS ChipPAC Ltd.,X
STMicroelectronics Instruments Inc,X
Freescale Semiconductor,O
Interface,X
DAA,O
Nintendo of America,O
Spreadtrum Communications,O
"Tianjin Haiguang Advanced Technology Investment Co., Ltd.",O
Provigent,O
IA,O
Cree Inc.,O
Xyratex Ltd.,O
QCT,O
Millennium Microtech Thailand,O
Panasonic,O
Microchip Technology Corporation,X
Multi Phone Group,X
Taiwan Semiconductor Manufacturing Company Limited,O
"PMC-Sierra, Inc.",O
Analog Products Group,O
GE,O
International Business Machines Corporation,O
Global,X
STATS,O
Mobileye,X
Navigant,X
Qualcomm Heterogeneous System Architecture,X
ON & Industrial Group,X
Taiwan Semiconductor Manufacturing Company Limited's,O
Human,X
Maxwell,O
Customers,X
Samsung Semiconductor,O
Qualcomm Haven Security Solutions,O
Ambarella,X
Bang Pa In,X
Nokia,O
China AMD Microelectronics,X
VIA,X
Toshiba Corporation,O
Signal Instruments Incorporated,X
Qualcomm Semiconductors N.V,X
CSG,O
THATIC,O
NXP Semiconductor Corporation,X
Amkor Precision Industries,X
Bhd.,X
Communications and Data Center,X
Western,X
Wii,X
Brobeck,O
Altera Semiconductor Corporation,X
Bollywood,X
"Veeco Instruments , Inc.",X
NVIDIA Iray,O
SC Renesas Transaction,X
Porsche,O
"Citrix Systems, Inc.",O
Company Logic Division,X
"Juniper Networks , Inc.",X
"Qorvo , Inc.",X
"Industrial , Aerospace & Defense and Broadcast , Consumer & Automotive",X
Scotiabank,X
Tesla Motors,O
WT Microelectronics,O
General Instrument/General Semiconductor,O
High Reliability and Systems Innovation,X
Gaming,X
"Catalyst , Inc.",X
IBM Credit LLC,O
Materials University of Utah,X
Northrop Grumman,O
Avastar,X
BS,O
PC Graphics Report,X
Canon ’s Court,X
King Precision Industries Company Ltd.,X
Booz Instruments Incorporated,X
Hon,X
Texas Pacific Group,O
Mercury Research,O
Skyworks’,X
PLD,X
"Live Nation Entertainment, Inc.",O
Notes,X
Clearwire Communications,O
PTT,X
"SMART Technologies, Inc.",O
Linear Technology Corporation,O
Intel Corporation Board of Directors,O
Semtech Corporation,O
"Taiwan Semiconductor Manufacturing Company , Ltd.",X
Narrow-Scope Improvements,O
Leshan Radio Company Ltd.,O
Quadro,O
Loan,X
Atmel Corporation,O
Automotive Solutions Group,O
Display Company,O
Barclays,X
Other Positioning System,X
Qualcomm Reference Design,O
Numonyx B.V.,O
Fusion,X
"Micrel , Incorporated",X
Cypress Semiconductor Corp.,O
BeiDou,O
Seagate Technology,O
"Portal Software, Inc.",O
Mediatek,O
"Rohm Intertechnology , Inc.",X
WBIS,X
SAS,O
Hamilton Sundstrand,O
Faculty,X
NXP Semiconductors N.V. Pursuant,O
Sierra Monolithics Inc.,O
"Taiwan Electronics Co. , Ltd.",X
IDP,O
CRYSTAL,X
ATIC International Investment Company,O
Catalyst Semiconductor,O
THATIC JV,O
Fenner & Smith Incorporated,O
M / S B100.2,X
Congress,X
Virtex-7,X
Sony Home Platform Division,X
"Power Integrations, Inc.",O
Comcast Cable Communications Management LLC,O
"Protection , Power",X
China,X
Microsemi Power Systems,X
Clearwire LLC,O
Advanced Wireless and Sensing,X
Rohm,X
CEM,X
Advanced communications and Sensing,X
Inception,X
DCG,O
"Skyworks Solutions , Inc.",X
"Nepes Precision Industries Co. , Ltd.",X
Time,X
Booz Allen Hamilton Inc.,O
Microsoft Surface RT,X
IDT,O
Monte,X
Energy Micro,O
"Numonyx Technology , Inc.",X
Cortex A53 Application Processing Unit,X
Consumers Gartner Camera Report,X
"Bytemobile , Inc.",X
FBC,O
Carrizo,X
NVIDIA NVLink,O
Microsoft Corporation,O
TOP500,X
"Marvell Semiconductor , Inc.",X
JV Chinese Target Company,X
Standard Microsystems Corporation,O
Solomon  International,X
Computing and Graphics,X
Samsung Electronics Co. Ltd.,O
DO,X
Broadband,X
HD,X
"Advanced , Aerospace & Defense and Communications & Data Center",X
Jr,X
AMI Semiconductor,O
Qualcomm Internet Services,O
Imaging,X
RF360 Holdings,O
Maxim,O
"Coherent , Inc.",X
Analog Products Groups,X
"Sun Microsystems , Inc.",X
Corporate Controller and Tax,X
ON Standard Products Group,X
Federal,X
Lantiq,X
"Micrel, Incorporated Micrel",X
"IQE , Inc",X
Active,X
Product,X
Sequans Communications S.A.,O
Icera's,O
"Advanced Micro Devices , Inc",X
"Cypress , Inc.",X
Sonova International,O
"NXP Intertechnology , Inc",X
Renesas,X
OS Electronics,O
FilterCo,X
"Integrated Device Technology , Inc.",X
Design and Manufacturing,X
Hyundai,X
Texas Instruments Inc.,O
"Broadcom Communications , Inc.",X
"M Manufacturing Co. , Ltd.",X
Phonak International,O
Cypress Semiconductor Corporation,O
Investor Via Fortuna,X
ON Regulatory Affairs,X
Intel ® Edison,X
Alcatel,O
Unitrode,O
Cycleo,O
Mitsubishi Electronics Corporation,X
Annual Visual Networking,X
Internet,X
DEVICES CORPORATION,O
"Apple Hai Precision Industry Co. , Ltd.",X
Smart,X
New,X
"MediaTek , Inc.",X
"Microchip Technology, Inc.",O
Financial Accounting Standards Board 's,X
Microsoft Corporation and HP Inc.,O
E7,X
"Xilinx, Inc.",O
"Huawei Technologies Co., Ltd.",O
Leadis Technology Inc.,O
Analog Devices,O
Power Instruments Incorporated,X
"Nantong Fujitsu Microelectronics, Co., Ltd.",O
AMI,X
APEX,X
Link,X
Motorola In Motion Limited,X
AATI,O
"Tongfu Fujitsu Microelectronics Co. , Ltd.",X
Tianjin,X
Wireless,X
"Semiconductor Components Industries , LLC",X
IHS Markit Ltd.,O
Cisco Packard Company,X
Regulatory,X
Marvell Integrated Products,X
Brocade Communication Systems,O
Client Data Center Group,X
Deutsche Bank Securities Inc.,X
"Active-Semi International, Inc.",O
Qualcomm Market Development,X
"JSI Yuan Electronics Co. , Ltd.",X
"Analog Systems , Inc.",X
"Littelfuse , Inc.",X
Maskhouse Building Administration GmbH & Co. KG,O
Citrix,O
Mubadala Coast Hitech,X
Avago Technologies Ltd.,O
Enterprise,X
Rockwell,X
Mubadala Technology Investment Company LLC,X
CoolRunnerTM,X
Business,X
District Court for the District of Delaware,X
Internet of Things Businesses and System Architecture Group,X
Matsushita,O
"Geosciences , Biosciences",X
Altera,O
Magna,X
Bachelor of Science,X
Finisar,X
GSA,O
Teknovus,O
Linear Integrated Products Inc.,X
Realtek,X
Huawei Technologies Co . Ltd.,X
"VIA Technologies, Inc.",O
ESEs,X
FLO,X
Alliance Semiconductor,O
District Court for the Eastern District of Virginia,X
SANYO EPSON,O
Industrial,X
Beijing UniSpreadtrum Technology Ltd.,X
Oclaro,X
One AMD Place,X
"Siliconware Precision Industries Co., Ltd.",O
Aa3 / AA,X
UMG,O
"Maxim / A-COM Technology Solutions Holdings , Inc.",X
AKM Devices Inc.,X
"DexCom , Inc.",X
Philips,O
Oppo,O
ON Semiconductor Corporation,O
R&E International,O
"Marketing at Integrated Device Technology, Inc.",O
Power Instruments Inc.,X
Portable Audio Products,X
"Manufacturing , Operations and Sales",X
Fairchild Semiconductor Corp.,O
Deere & Company,O
Cortex R5 Real Time Processing Unit,X
"Qorvo , Inc",X
Standard Products Group,O
"PACT XPP Technologies, AG",O
"IQE, Inc.",O
SANYO Electric and Semiconductor Company,O
Intel Non-Volatile Memory Solutions Group,X
"Velocity Micro , Inc.",X
Our Board of Directors,X
Sony Corporation,O
Fairchild Transaction,O
Peregrine,X
Senet,O
Licensed Assisted Access,X
QUALCOMM Communications Inc.,X
QUALCOMM Incorporated,O
AMD Controller Hub-based,X
"Micron Technology , Inc.",X
Voluntary Retirement Program,X
Design and Visualization,X
Things Memory Solutions Group,X
Atheros,O
VIVO,O
Nanya Technology Corporation,O
Open Computing Language,X
"Fairchild Semiconductor International , Inc.",X
Quantenna Communications Inc.,O
Revenue,X
Texas Instruments Incorporated,O
Tier,X
DSP Semiconductor Corporation,X
Qualcomm Technologies Inc.,O
"STMicroelectronics Semiconductor International , Inc.",X
"SiGe Semiconductor , Inc.",X
JV  Co . Ltd.,X
United Microelectronics Corporation,O
Gennum Product Group Thunderbolt,X
Fairchild,O
Sumitomo Electric Device Innovations,O
Pandora,X
Network,X
"Qualcomm Atheros, Inc.",O
Austriamicrosystems AG,O
XLP,O
Wireless Devices Inc.,X
Investor,X
Power and High-Reliability Product Group,X
Power and High-Reliability Products Group,X
Acquisitions and Divestitures,X
ROCm,X
"Applied Materials , Inc.",X
Coreware,O
Standard Product Group,O
Pound Rican Colon,X
Sony Ericsson,O
JDS Uniphase Corporation,O
Tactical,X
Signal,X
Siliconware Precision Industries Company Ltd.,O
ATIC,O
"Cloudera, Inc.",O
NXP Semiconductors N.V.,O
"Yulong Computer Telecommunication Scientific Co. , Ltd.",X
Custom Passive Device,X
Lattice Semiconductor Corporation,O
Bose,O
Communications Holdings Inc.,O
"General Manager , Automotive , Industrial , Medical and Mil-Aero Products Group",X
Edom,X
Conexant,O
SEMTECH,O
Tessera Technologies,O
"Licensing,which",X
Cable,X
SCI,X
OS,X
Facebook,O
Fairchild: Power Solutions Group,O
U.S.GAAP,X
"RF Micro Devices , Inc.",X
Percello Ltd.,O
Bi-CMOS,X
Sensus,O
Advanced Communication Product,X
Trusted,X
Avnet,O
Seiko Epson Corporation,O
"EnVerv, Inc.",O
PtP,X
Nokia Solutions,O
Tower Semiconductor Ltd.,O
NVIDIA Ansel,O
Qualcomm Instruments Incorporated,X
European Silicon Structures,O
"Cisco Systems , Inc.",X
Nintendo Switch,O
STMicroelectronics Semiconductors N.V.,X
Intel Technology Group,X
ON Technologies AG,X
Quanta Computer,O
"VMware, Inc.",O
"Qualcomm Atheros , Inc.",X
"A123 Systems , Inc.",X
Note14,X
Taiwan Semiconductor Manufacturing Company Limited 's,X
Uber,O
"ON , Inc.",X
Passive,X
Reporting Segment and Geographic Data,X
Monolithic,X
Our Medical and Custom Industrial,X
Spartan-3,X
Acquisition,X
DesignWorks,O
ADAS,X
Renasas Electronics Corporation,O
NXP Semiconductors,O
Crutcher,X
DBSI,X
Phonak,X
"Greenliant Systems, Ltd.",O
Micrel,O
"SOC , Inc.",X
BroadLight,O
Global Market Development,O
TDK Fujitsu Philippines Corporation,O
Spartan-IIE,X
Near Junction Thermal Transport,X
Non - Portable Audio,X
Lantiq Integrated Products,X
Hewlett- Packard Company,O
SANYO Semiconductor Group,O
"U.S. Ethernet Innovations , LLC",X
MP,X
Cypress Integrated Products,X
Hewlett Packard,O
Marvell Charitable Fund,O
"Gigle Networks , Inc.",X
StrataGX,X
Airoha Technology Corp.,O
Sanmina,X
Skyworks',X
Cooley LLP,O
System Solutions Group,O
Apple,O
Qualcomm Single Chip,O
Honda,O
Murata,X
Motorola Products Sector,X
Management ’s Discussion and Analysis,X
Pro Technology,O
Quantenna Motion Technology Corporation,X
Mechanical University of Michigan,X
GuangDong OPPO Mobile Telecommunications Corp . Ltd.,X
"Northrop Technologies , Inc.",X
ISG Netbook Group,X
"Juris University of California , Hastings College of the Law",X
"Serial Computer Technology , Ltd.",X
Leipziger,X
Power Technology Corporation,X
"Huawei Electronics Co. , Ltd.",X
Broadcom Electronics Corporation,X
"Integrated Device Technology, Inc.",O
"MediaTek, Inc.",O
Turnkey,X
Nepes Corporation,O
Powerline Optical Networking,X
NVIDIA Corporation,O
ARM Technology Group,X
Region,X
"Beceem Communications, Inc.",O
SAM,X
Analog Power and Interface Division,X
Home and Networking,X
Closing,X
Computing,X
"DexCom, Inc.",O
Athlon,X
MaxLinear,O
JSI Logistics Ltd.,O
Ericsson,O
"Qualcomm Solutions , Inc.",X
Standard & Poor ’s,X
Malaysian,X
BMW,O
DLA,O
Benchmark Electronic,O
Morgan,X
Ubiquiti Networks,O
"Samsung Electronics, Co., Ltd.",O
TDK-EPCOS Corporation,O
Hittite Microwave Corporation,O
IDT Technology Group,X
Broadcom Foundation,O
TriQuint,O
Analog Power,O
Samsung Electronics Co. Ltd,O
"Knowles Instruments , Inc",X
Sierra Wireless,O
Stars,X
Peregrine Semiconductor,O
ISO Standards Organization,X
DGX-1,X
Qualcomm Agreement,O
Mountain,X
"SeaMicro , Inc.",X
NVIDIA Pascal,O
"VIA Technologies , Inc.",X
ON Semiconductor,O
Sanken,X
"Falcon Operations Sub , Inc.",X
Advanced & Data Center,X
GoerTek Inc.,O
Wireless and Sensing Group,X
UTAC,O
McAfee Endpoint Security 10.X,X
UMC,O
Electrical State University,X
Fairchild Semiconductor Corporation,O
Nordic Semiconductor,O
Wireless and Sensing Products,X
Rohm Co. Ltd.,O
R & D.,X
Smart Energy Platform,X
Prestera,X
Deutsche,X
HI-TECH,X
Celestica,X
Clearwire,X
"Arrow Electronics , Inc.",X
Applied Materials,O
AMD Coast Hitech L.P,X
ASC 280 Segment Reporting,X
Broadwell,X
Silicon Laboratories Inc.,O
Automotive & Industrial Systems Company,O
NetLogic,O
Direct,X
Booz,X
"ARM Technologies Co. , Ltd.",X
ON Solutions Group,X
Mubadala Tech,O
FAE,X
"Avago, Inc.",O
DSC,O
BYD Auto Co. Ltd.,O
GoerTek Semiconductor Corporation,X
"QUALCOMM Technologies , Inc.",X
Compensation,X
ISG,O
Vishay Intertechnology,O
"Qualcomm Technologies , Inc.",X
Sonos,O
"Murata Manufacturing Co., Ltd.",O
Lawrence Livermore National Laboratories,X
"Fujitsu Technologies Co. , Ltd.",X
HK Towada Electronics,O
Halliburton,O
Flextronics,O
Symantec Corporation,O
Varian,X
ZMD AG,O
Wolfson Microelectronics,O
"Diodes Co. , Ltd.",X
"General Manager , Computing and Consumer Products Group",X
Elmos,X
"Gartner , Inc.",X
Subsidiary,X
Small,X
"Microsoft Warner , Inc.",X
"Beceem Communications , Inc.",X
Atlantic Richfield Company,O
QCT Engineering,O
"Samsung Hai Precision Industry Co. , Ltd.",X
FtA,X
NXP,O
Canadian,X
PulseCore Semiconductor,O
"Diodes Semiconductor International , Inc.",X
"Harry & David Holdings, Inc.",O
Restructuring,X
Innovision Research & Technology PLC,O
Xelerated,O
"Suzhou TF-AMD Semiconductor Co. , Ltd.",X
Active-Semi,X
"Dune Networks , Inc.",X
TDK Holdings Singapore Pte,X
Aerospace,X
Spartan,X
"Cisco Systems, Inc.",O
Llano-based,X
Microsemi Corporation,O
"Tongfu Fujitsu Microelectronics, Co., Ltd.",O
Maxim Solutions Inc.,X
Imagination Technology Group Ltd.,X
Xeon Phi ™.,X
Apex,X
"Nokia Electronics Co. , Ltd.",X
Semiconductor Manufacturing International Corporation,O
Administrative,X
Parallel,X
Wireless and Sensing,X
Xicor,X
Mixed Circuits Group,X
Marvell Technology Group Ltd.,O
Hewlett-Packard Corporation,O
Base and Support Products,X
"Sony Technologies Co. , Ltd.",X
Blu-ray,X
ARM Holdings,O
"King Yuan Electronics Co. , Ltd.",X
Imagination Technologies Ltd.,O
"Communications , Aerospace & Defense",X
Mobile and Wireless,X
Gibson,X
"Motorola , Inc.",X
"Flextronics, Celestica, Benchmark Electronic",O
Siliconware ChipPAC Pte,X
SAP,O
Analog Integrated Products,X
Alphabet Inc.,O
Virtex-2,X
"SMS Ceremony , LLC",X
ASUSTeK Computer Inc.,O
Semtech International AG,O
Bluegiga,X
Advanced Technology Investment Company,O
Darnell Group,O
Microsemi,X
DSP,O
Merger,X
McAfee Endpoint Security,O
Intel Semiconductor Corporation,X
Micrel Inc.,O
Virtex-5,X
Compliance Assurance Process,X
LSI Corporation,O
Northrop,X
Electronic Design Automation,X
ARMADA,O
Virtex & Kintex UltraScale,X
"Samsung Electronics , Co. , Ltd.",X
ParkerVision,O
"Alpha Industries , Inc.",X
"Khronos Group , Inc",X
Top500,X
ProSLIC,X
Fujitsu Limited,O
Stock Repurchase Program,X
TPG,O
Myomo,O
EnVerv Wireless Platform,X
STATSChipPAC,X
Semiconductor Products Sector,X
PCI,X
Marvell Technology Group,O
Ms . Sterling,X
Huawei & Gyr,X
"Applied Materials, Inc.",O
International Rectifier Corporation,O
"Gartner, Inc.",O
Aero,X
QMT,X
"NetLogic Microsystems, Inc.",O
"Administrative Fargo Securities , LLC",X
RF360,X
Materials Science and Engineering,X
AXSEM,O
United Technologies Corp.,O
Configurable,X
High Performance Computing & Cloud,X
Tsinghua,X
International  AG,X
Spreadtrum,X
Research in Motion Limited,O
Gennum Product Group,O
"Analog Technology , Inc.",X
Global System,O
Applied,X
"Sound Design Technologies, Ltd.",O
Samsung Electric,O
Gartner,O
PTC Business,O
"Industrial , Aerospace and Defense",X
"Marvell Technology Group, Ltd.",O
Hewlett Packard Enterprise Company,O
ZTE,O
PureEdge,O
Ember Corporation,O
Phenom,X
Barclays Lead Arrangers and Co - Book Managers,X
"Gutmann , Inc.",X
General Instrument / General Semiconductor,X
"LVMH Audio , LLC",X
"Texas Instruments , Inc",X
McKesson,X
JDS Uniphase Corp.,O
Pascal-based,X
MSI,O
Honeywell,O
RF-CMOS,X
Maxim Instruments Inc,X
Rogers,O
Infrastructure,X
Volvo,O
"Hewlett Networks , Inc.",X
Bosch,O
Nintendo,O
Murata Manufacturing,O
"Benchmark Electronic, Flextronics",O
ATIC International Investment Company LLC,O
National Association,O
"Provigent , Inc",X
IBM,O
"Cirrus Logic , Inc.",X
QCT Segment,O
R9,X
LTE-Advanced,X
Realtek Semiconductor Corporation,O
ST-NXP Wireless,O
For Inspiration and Recognition of Science and Technology,X
Semtech Canada Inc.,O
FLC,O
"SeaMicro, Inc.",O
Linley Group,O
Computing and Visual Solutions,X
"Gray , Cary , Ware & Friedenrich",X
Diodes Technologies AG,X
"IM Flash Technologies , LLC",X
Unimicron Technology Corporation,O
Broadcom Semiconductor Corporation,X
ISSC,O
GF and Chartered,X
Landis,X
"ESS Technology, Inc.",O
Apple Holdings plc,X
Lockheed Missiles and Space Company,O
"Oracle Electronics Co. , Ltd.",X
LG,O
Toppan Photomasks Germany GmbH,X
Linear,X
SANYO Semiconductor,O
CrossFire,X
Qualcomm Mobile & Computing,O
Xemics SA,O
Marvell Electronics Co . Ltd.,X
MCG,X
Spectra,X
ROBORACE York University,X
ICAP Business,O
FAEs,X
Cellular,X
Benchmark Towada Electronics,X
BroadLight Inc.,O
"Anadigics Devices , Inc.",X
Technicolor,O
Arrow Electronics,O
EICC,X
Matrox Electronics Systems Ltd.,O
"Tongfu Microelectronics Co., Ltd.",O
"Provigent , Inc.",X
Legal,X
TL9000 / ISO9001,X
Alliance,X
QIS,X
HiSilicon,X
Yosun,X
Sun Microsystems,O
Cornell Science and Engineering,X
Data High Performance Analog Division,X
Research,X
Rogers Corporation,O
ISO9001,X
Black-Scholes,X
SANYO Electric,O
N.A,X
Symantec,X
Ms . Kress,X
Yulong,X
Amalfi,X
McAfee LiveSafe,O
Netbook,X
Intel Foundation,O
Hamilton,X
Macs,O
UMC Semiconductor Manufacturing Company Limited,X
Handheld,X
"B.S. , M.S",X
Equity,X
Data,X
Client Center Group,X
Visual,X
"AMD , Inc.",X
"NuVasive, Inc.",O
Renasas Co . Ltd.,X
DEI,X
Sony Computer Entertainment,O
"Fairchild Integrated Products , Inc.",X
Seagate,O
United Technologies Corp,X
Hittite,X
Mubadala,X
Vivado ® Design Suite,X
EVS,O
Tower,X
"Clearwire Communications , LLC",X
Commitments,X
Novellus,O
Quantum,O
Infineon Technologies AG,O
Linear Instruments Incorporated,X
Innovation,X
Qualcomm Incorporated,O
Standard,X
"InvenSense, Inc.",O
Amkor,X
Leshan,X
Advanced,X
Inphi Corporation,O
"Freescale Rockchip Electronics Co. , Ltd.",X
Mindspeed,X
LTE Citizens Broadband Radio Service,X
Warrant,X
Final-Level,X
Atmel Technology Incorporated,X
Mubadala Development Company PJSC,O
Cirrus Logic,O
Assisted-GPS,X
Skyworks Solutions Inc. / Conexant Systems Inc.,X
Fujitsu,O
Raytheon Company,O
"Rocky Holding , Inc.",X
GSMA Foundation,O
Motorola Inc.,O
Portable,X
"Cisco Technologies Co. , Ltd.",X
CRUS,X
CMs,X
ESE,X
MoChi,X
ASE Electronics,O
Google Cloud,O
System Solution Group,O
Siliconware ChipPAC Pte.Ltd,X
"Analog , Inc.",X
Aristotle,X
AMIS,O
IMC,O
DSP Energy Platforms,X
Motorola ’s Semiconductor Products Sector,X
Motorola Semiconductor Components Group,O
Dell Inc.,O
Samsung Electronics Co . Ltd,X
National Agent and Issuing Lender,X
Touchstone,X
Huawei,O
Cirrus Fargo Bank,X
MoChiTM,X
ARS,X
Sybase,X
"MediaTek, Microchip Technology Inc.",O
ARM Instruments Incorporated,X
Platform,X
M Micro Circuits Corporation,X
"Intel Networks , Inc.",X
Advanced and Sensing,X
"Flarion Technologies, Inc.",O
Qualcomm,O
NASDAQ,O
GLOBALFOUNDRIES Inc.,O
Motorola Pacific Group,X
Support,X
Pierce of America,X
Corporate,X
"Portal Software , Inc.",X
Bharti,X
Omnivision,O
Silicon Semiconductor Corporation,X
"Qualcomm River Holdings , B.V.",X
Intel,O
Penang  Sdn,X
Tektronix Corporation,O
Hampshire,X
ARM,O
SANYO Semiconductor Co. Ltd.,O
Silicon Labs,O
"Avago Technologies,",O
Things and Communications Group,X
SiGe,O
Nvidia,O
HPC  & Cloud,X
"New , Aerospace & Defense and Communications & Data Center",X
NXP River Holdings,X
Bachelor of Science in Business Administration and Accounting,X
"Taiwan Semiconductor Manufacturing Company, Ltd.",O
Advanced Micro Devices,O
KSS,O
High Speed Packet Access,X
Aptina,O
Epson,O
SiGe Semiconductor,O
"Hon Hai Precision Industry Co., Ltd/Foxconn",O
Pixtronix,X
Xyratex,X
Qualcomm Government Technologies,O
National,X
Freescale,O
RF Micro Devices,O
"AMD Micro Devices , Inc",X
"Texas Integrated Products , Inc.",X
Macbook,X
Legacy,X
Semi - Custom,X
Ms . Strelar-Migotti,X
West,X
Rambus,O
Other,X
G-Series,X
Knights,X
Joint,X
Tianjin Haiguang Advanced Technology Investment Co . Ltd,X
Intel Technology Group Ltd.,X
Apple Technologies Ltd.,X
Intersil,O
"II-VI , Inc",X
Consumer,X
Ltd,X
"Apple , Inc.",X
Fuzhou,X
SANYO,X
Northeastern,X
HAUHONG,X
Siemens,O
New York Branch,X
"Broadcom / A-COM Technology Solutions , Inc.",X
Mindspeed Technology Inc.,O
AMCC,X
Quanta,X
Silicon Instruments Incorporated,X
Cirrus,X
Department of Commerce,X
Sharp Electronics Co . Ltd.,X
Motorola Mobility,O
Wind River Systems,O
Qualcomm River Holdings,O
TriQuint Semiconductor,O
"Alpha Industries, Inc.",O
"Provigent, Inc.",O
"Silicon Wave, Inc.",O
Melexis,X
Financial and Enterprise Services,X
EnterTrac,X
ASML,O
P-1,X
Technisat,O
MediaTek,O
National Semiconductor Corp,X
Dell Packard Company,X
A * STAR,X
SEC Board of Directors,X
"Tongfu Fujitsu Microelectronics , Co. , Ltd.",X
"HiSilicon Technologies Co., Ltd.",O
"Teknovus , Inc.",X
Siliconware Precision Industries,O
Hewlett-Packard Allen Hamilton Inc.,X
Avago,X
SC Square Ltd.,O
"Mediatek, NEC Corporation",O
"Analog Devices, Inc.",O
"Amazon.com, Inc.",O
"Qualcomm , Inc.",X
Transport,X
Alphabet Technologies Co . Ltd.,X
Care Innovations,O
PCT,X
Avago Micro Devices,X
"Ambarella, Inc.",O
ZENRIN,O
NVIDIA DRIVE,O
"Amalfi Semiconductor , Inc.",X
Icera,O
EnVerv,O
Hitachi Ltd.,O
SHIELD,X
Polytechnic,X
Rambus Inc.,O
Inphi,X
"Brocade Communication Systems , Inc.",X
Cirrus Credit Facility,X
Worldwide,X
Nippon,X
Networks Electronics Co . Ltd.,X
Signal Management and High-Reliability and Wireless and Sensing,X
"Automotive Semiconductor , Inc",X
Arrow,O
Ericsson Integrated Products,X
Microsoft,O
"Icera , Inc.",X
Panasonic Corporation,O
Advanced Communications and the Wireless and Sensing,X
CoolRunner-II,X
Northrop Grumman Corporation,O
Standard and Logic Group,X
Fab 2 's,X
Flash,X
SoFIA,X
"Acoustic Technologies, Inc.",O
Sempron,X
"Qualcomm Europe, Inc.",O
"IbidenCo. , Ltd.",X
Investor Securities and Exchange Commission,X
FLCTM,X
GlobalFoundries Inc.,O
Gennum Product,O
Assembly and Test,X
Dialog Semiconductor PLC,O
Qorvo,O
Intersil Corporation,O
Texas Instruments,O
"Audience Technology , Inc.",X
Executive Compensation Committee,X
"National Fargo Securities , LLC",X
New and Base Products,X
MOBA,X
Quantum Corporation,O
MultiPhy,X
SANYO Semiconductor Division,O
Barclays Lead Arrangers,X
Bachelor University of Thessaloniki,X
HBLED,X
MediaTek Mobile Platforms,X
Sales and Marketing,X
HTC,O
Xemics Monolithics Inc.,X
ASML Holding N.V.,O
Global System for Mobile Communications,X
Gennum and Sensing Products,X
Google Inc.,O
Core,X
Spansion,X
Silicon Clocks,O
Lenovo Group Limited,O
Silicon Motion Technology Corporation,O
Diodes Incorporated,O
Wells Fargo Securities,O
IPRD,X
"Veeco Instruments, Inc.",O
Custom Industrial and Timing Products,X
"Amalfi Semiconductor , Inc",X
Systems Innovation Group,X
West Coast Hitech L.P.,X
Commission,X
Philippines,X
Moore ’s Law,X
SCI ’s Semiconductor Components Group,X
SANYO SANYO Semiconductor Transaction,X
Operating,X
Semtech Canada Corporation,O
Electrical,X
Broadcom Technologies AG,X
Landis & Gyr,O
Turion,X
SANYO CMOS Image Sensor Business Unit,X
Advanced Communications,O
Renesas Electronics Corporation,O
Lenders,X
QCT Business Planning and Finance,O
Fab 4 's,X
"Samsung Technology Co. , Ltd.",X
RDEC,X
InvenSense Microelectronics N.V.,X
ISecG,X
Malaysian Target Company,O
Samsung,O
"Hon Hai Precision Industry Co. , Ltd.",X
"Business Units , Sales & Marketing",X
DNN,O
AIBs,X
JDS,X
BYD Auto Co . Ltd.,X
"Qualcomm Technologies, Inc.",O
DJI,O
Maxim Power Systems Inc,X
Sonova,X
"TSPS Semiconductor International , Inc.",X
Macnica,X
Jefferies Finance LLC,O
Human and Human Resources,X
"Austriamicrosystems , Inc.",X
Certain Consumer Electronic Devices and Networks,X
RSUs,X
Laird,X
"Skyworks Solutions, Inc.",O
EnVerv PLC,O
"Advanced Semiconductor Engineering , Inc.",X
Spartan-II,X
Fair Value Measurements,X
Vizio,O
Costa,X
Multi-Protocol,X
Nokia Siemens Networks,O
"Sound Design Technologies , Ltd.",X
International Rectifier Corp.,O
Qualcomm Retail Solutions Division,X
Iray,X
Chemetco,O
GreenPeak,O
Mechanical University of Notre Dame,X
Spartan-6,X
DragonFly,O
MediaTek Unigroup,X
Xilinx,O
NPD Group,O
QLogic Corporation,O
STMicroelectronics International N.V.,O
Hewlett-Packard Company,O
QTI,X
Simplicity Studio ™.,X
"Tongfu Microelectronics Co. , Ltd.",X
Altera Corporation,O
"Sirenza Microdevices , Inc.",X
